policy,path_id,training_seed,maximum_absolute_difference,all_metrics_passed
Model-guided constrained SAC,test_000_4ae657b9eeec,301721597.0,1.4551915228366852e-11,True
Model-guided constrained SAC,test_000_4ae657b9eeec,554911178.0,1.4551915228366852e-11,True
Model-guided constrained SAC,test_000_4ae657b9eeec,1600960620.0,1.4551915228366852e-11,True
Model-guided constrained SAC,test_001_dde9993de777,301721597.0,2.9103830456733704e-11,True
Model-guided constrained SAC,test_001_dde9993de777,554911178.0,2.9103830456733704e-11,True
Model-guided constrained SAC,test_001_dde9993de777,1600960620.0,2.2737367544323206e-13,True
Model-guided constrained SAC,test_002_f01217ab0e79,301721597.0,1.4551915228366852e-11,True
Model-guided constrained SAC,test_002_f01217ab0e79,554911178.0,1.4551915228366852e-11,True
Model-guided constrained SAC,test_002_f01217ab0e79,1600960620.0,1.4551915228366852e-11,True
Model-guided constrained SAC,test_003_eb3106001035,301721597.0,1.4551915228366852e-11,True
Model-guided constrained SAC,test_003_eb3106001035,554911178.0,1.8189894035458565e-12,True
Model-guided constrained SAC,test_003_eb3106001035,1600960620.0,2.9103830456733704e-11,True
Model-guided constrained SAC,test_004_55a330aff5c4,301721597.0,1.5178830414797062e-17,True
Model-guided constrained SAC,test_004_55a330aff5c4,554911178.0,1.4551915228366852e-11,True
Model-guided constrained SAC,test_004_55a330aff5c4,1600960620.0,1.4551915228366852e-11,True
Model-guided constrained SAC,test_005_981c73a17708,301721597.0,1.4551915228366852e-11,True
Model-guided constrained SAC,test_005_981c73a17708,554911178.0,1.4551915228366852e-11,True
Model-guided constrained SAC,test_005_981c73a17708,1600960620.0,1.4551915228366852e-11,True
Model-guided constrained SAC,test_006_daba4b1e9814,301721597.0,1.4551915228366852e-11,True
Model-guided constrained SAC,test_006_daba4b1e9814,554911178.0,1.4551915228366852e-11,True
Model-guided constrained SAC,test_006_daba4b1e9814,1600960620.0,1.4551915228366852e-11,True
Model-guided constrained SAC,test_007_925513ee8ec6,301721597.0,1.4551915228366852e-11,True
Model-guided constrained SAC,test_007_925513ee8ec6,554911178.0,9.094947017729282e-13,True
Model-guided constrained SAC,test_007_925513ee8ec6,1600960620.0,2.9103830456733704e-11,True
Model-guided constrained SAC,test_008_fabe46a0ea00,301721597.0,9.094947017729282e-13,True
Model-guided constrained SAC,test_008_fabe46a0ea00,554911178.0,9.094947017729282e-13,True
Model-guided constrained SAC,test_008_fabe46a0ea00,1600960620.0,1.4551915228366852e-11,True
Model-guided constrained SAC,test_009_c8ef87e47101,301721597.0,1.8189894035458565e-12,True
Model-guided constrained SAC,test_009_c8ef87e47101,554911178.0,4.547473508864641e-13,True
Model-guided constrained SAC,test_009_c8ef87e47101,1600960620.0,1.4551915228366852e-11,True
Model-guided constrained SAC,test_010_613ab99db82c,301721597.0,1.4551915228366852e-11,True
Model-guided constrained SAC,test_010_613ab99db82c,554911178.0,1.4551915228366852e-11,True
Model-guided constrained SAC,test_010_613ab99db82c,1600960620.0,9.094947017729282e-13,True
Model-guided constrained SAC,test_011_8a2e74b38d5d,301721597.0,1.4551915228366852e-11,True
Model-guided constrained SAC,test_011_8a2e74b38d5d,554911178.0,1.4551915228366852e-11,True
Model-guided constrained SAC,test_011_8a2e74b38d5d,1600960620.0,4.3655745685100555e-11,True
Model-guided constrained SAC,test_012_b6bdc05b20a7,301721597.0,2.9103830456733704e-11,True
Model-guided constrained SAC,test_012_b6bdc05b20a7,554911178.0,9.094947017729282e-13,True
Model-guided constrained SAC,test_012_b6bdc05b20a7,1600960620.0,1.4551915228366852e-11,True
Model-guided constrained SAC,test_013_040653995d85,301721597.0,4.547473508864641e-13,True
Model-guided constrained SAC,test_013_040653995d85,554911178.0,4.547473508864641e-13,True
Model-guided constrained SAC,test_013_040653995d85,1600960620.0,1.4551915228366852e-11,True
Model-guided constrained SAC,test_014_f00647451070,301721597.0,1.4551915228366852e-11,True
Model-guided constrained SAC,test_014_f00647451070,554911178.0,1.4551915228366852e-11,True
Model-guided constrained SAC,test_014_f00647451070,1600960620.0,1.4551915228366852e-11,True
Model-guided constrained SAC,test_015_643a837775f9,301721597.0,1.4551915228366852e-11,True
Model-guided constrained SAC,test_015_643a837775f9,554911178.0,1.4551915228366852e-11,True
Model-guided constrained SAC,test_015_643a837775f9,1600960620.0,1.4551915228366852e-11,True
Model-guided constrained SAC,test_016_45a90ccef8bd,301721597.0,1.4551915228366852e-11,True
Model-guided constrained SAC,test_016_45a90ccef8bd,554911178.0,1.8189894035458565e-12,True
Model-guided constrained SAC,test_016_45a90ccef8bd,1600960620.0,4.3655745685100555e-11,True
Model-guided constrained SAC,test_017_ebd333a3cdba,301721597.0,1.4551915228366852e-11,True
Model-guided constrained SAC,test_017_ebd333a3cdba,554911178.0,1.4551915228366852e-11,True
Model-guided constrained SAC,test_017_ebd333a3cdba,1600960620.0,2.9103830456733704e-11,True
Model-guided constrained SAC,test_018_9466cee538c9,301721597.0,1.4551915228366852e-11,True
Model-guided constrained SAC,test_018_9466cee538c9,554911178.0,1.4551915228366852e-11,True
Model-guided constrained SAC,test_018_9466cee538c9,1600960620.0,1.4551915228366852e-11,True
Model-guided constrained SAC,test_019_9d2b7462a57a,301721597.0,1.4551915228366852e-11,True
Model-guided constrained SAC,test_019_9d2b7462a57a,554911178.0,2.9103830456733704e-11,True
Model-guided constrained SAC,test_019_9d2b7462a57a,1600960620.0,1.4551915228366852e-11,True
Model-guided constrained SAC,test_020_701c8d28bc45,301721597.0,4.547473508864641e-13,True
Model-guided constrained SAC,test_020_701c8d28bc45,554911178.0,1.4551915228366852e-11,True
Model-guided constrained SAC,test_020_701c8d28bc45,1600960620.0,1.4551915228366852e-11,True
Model-guided constrained SAC,test_021_69299bc5d0bf,301721597.0,1.4551915228366852e-11,True
Model-guided constrained SAC,test_021_69299bc5d0bf,554911178.0,1.4551915228366852e-11,True
Model-guided constrained SAC,test_021_69299bc5d0bf,1600960620.0,4.547473508864641e-13,True
Model-guided constrained SAC,test_022_1b3e72c80b5f,301721597.0,2.2737367544323206e-13,True
Model-guided constrained SAC,test_022_1b3e72c80b5f,554911178.0,1.4551915228366852e-11,True
Model-guided constrained SAC,test_022_1b3e72c80b5f,1600960620.0,1.4551915228366852e-11,True
Model-guided constrained SAC,test_023_90a8af416c5a,301721597.0,1.8189894035458565e-12,True
Model-guided constrained SAC,test_023_90a8af416c5a,554911178.0,2.2737367544323206e-13,True
Model-guided constrained SAC,test_023_90a8af416c5a,1600960620.0,2.9103830456733704e-11,True
Model-guided constrained SAC,test_024_e90f261f99e2,301721597.0,1.4551915228366852e-11,True
Model-guided constrained SAC,test_024_e90f261f99e2,554911178.0,2.9103830456733704e-11,True
Model-guided constrained SAC,test_024_e90f261f99e2,1600960620.0,1.4551915228366852e-11,True
Model-guided constrained SAC,test_025_0c3eeaae0824,301721597.0,1.4551915228366852e-11,True
Model-guided constrained SAC,test_025_0c3eeaae0824,554911178.0,1.4551915228366852e-11,True
Model-guided constrained SAC,test_025_0c3eeaae0824,1600960620.0,1.4551915228366852e-11,True
Model-guided constrained SAC,test_026_770d47ae1768,301721597.0,1.4551915228366852e-11,True
Model-guided constrained SAC,test_026_770d47ae1768,554911178.0,1.4551915228366852e-11,True
Model-guided constrained SAC,test_026_770d47ae1768,1600960620.0,4.3655745685100555e-11,True
Model-guided constrained SAC,test_027_df5d670513fa,301721597.0,1.4551915228366852e-11,True
Model-guided constrained SAC,test_027_df5d670513fa,554911178.0,1.4551915228366852e-11,True
Model-guided constrained SAC,test_027_df5d670513fa,1600960620.0,2.9103830456733704e-11,True
Model-guided constrained SAC,test_028_e9fb02365dd3,301721597.0,1.4551915228366852e-11,True
Model-guided constrained SAC,test_028_e9fb02365dd3,554911178.0,2.9103830456733704e-11,True
Model-guided constrained SAC,test_028_e9fb02365dd3,1600960620.0,1.4551915228366852e-11,True
Model-guided constrained SAC,test_029_b44f60718c5a,301721597.0,2.9103830456733704e-11,True
Model-guided constrained SAC,test_029_b44f60718c5a,554911178.0,2.9103830456733704e-11,True
Model-guided constrained SAC,test_029_b44f60718c5a,1600960620.0,2.9103830456733704e-11,True
Model-guided constrained SAC,test_030_038f4c53d11f,301721597.0,1.4551915228366852e-11,True
Model-guided constrained SAC,test_030_038f4c53d11f,554911178.0,2.9103830456733704e-11,True
Model-guided constrained SAC,test_030_038f4c53d11f,1600960620.0,1.4551915228366852e-11,True
Model-guided constrained SAC,test_031_0a6ff70351b5,301721597.0,2.9103830456733704e-11,True
Model-guided constrained SAC,test_031_0a6ff70351b5,554911178.0,1.4551915228366852e-11,True
Model-guided constrained SAC,test_031_0a6ff70351b5,1600960620.0,1.4551915228366852e-11,True
Model-guided constrained SAC,test_032_efdf826e6bc3,301721597.0,1.4551915228366852e-11,True
Model-guided constrained SAC,test_032_efdf826e6bc3,554911178.0,1.4551915228366852e-11,True
Model-guided constrained SAC,test_032_efdf826e6bc3,1600960620.0,4.547473508864641e-13,True
Model-guided constrained SAC,test_033_de0c441dba67,301721597.0,1.4551915228366852e-11,True
Model-guided constrained SAC,test_033_de0c441dba67,554911178.0,1.4551915228366852e-11,True
Model-guided constrained SAC,test_033_de0c441dba67,1600960620.0,2.9103830456733704e-11,True
Model-guided constrained SAC,test_034_a00d80b83640,301721597.0,4.547473508864641e-13,True
Model-guided constrained SAC,test_034_a00d80b83640,554911178.0,1.4551915228366852e-11,True
Model-guided constrained SAC,test_034_a00d80b83640,1600960620.0,1.4551915228366852e-11,True
Model-guided constrained SAC,test_035_51fd398978b7,301721597.0,2.9103830456733704e-11,True
Model-guided constrained SAC,test_035_51fd398978b7,554911178.0,1.4551915228366852e-11,True
Model-guided constrained SAC,test_035_51fd398978b7,1600960620.0,1.4551915228366852e-11,True
Model-guided constrained SAC,test_036_7eb6ac1ca077,301721597.0,1.4551915228366852e-11,True
Model-guided constrained SAC,test_036_7eb6ac1ca077,554911178.0,1.4551915228366852e-11,True
Model-guided constrained SAC,test_036_7eb6ac1ca077,1600960620.0,1.4551915228366852e-11,True
Model-guided constrained SAC,test_037_f096257ecaa4,301721597.0,1.4551915228366852e-11,True
Model-guided constrained SAC,test_037_f096257ecaa4,554911178.0,1.4551915228366852e-11,True
Model-guided constrained SAC,test_037_f096257ecaa4,1600960620.0,2.9103830456733704e-11,True
Model-guided constrained SAC,test_038_b05abc6e01b3,301721597.0,1.8189894035458565e-12,True
Model-guided constrained SAC,test_038_b05abc6e01b3,554911178.0,1.4551915228366852e-11,True
Model-guided constrained SAC,test_038_b05abc6e01b3,1600960620.0,1.4551915228366852e-11,True
Model-guided constrained SAC,test_039_9c0d1ebe6c19,301721597.0,1.4551915228366852e-11,True
Model-guided constrained SAC,test_039_9c0d1ebe6c19,554911178.0,4.547473508864641e-13,True
Model-guided constrained SAC,test_039_9c0d1ebe6c19,1600960620.0,1.4551915228366852e-11,True
Model-guided constrained SAC,test_040_11a8950c659e,301721597.0,9.094947017729282e-13,True
Model-guided constrained SAC,test_040_11a8950c659e,554911178.0,1.4551915228366852e-11,True
Model-guided constrained SAC,test_040_11a8950c659e,1600960620.0,1.4551915228366852e-11,True
Model-guided constrained SAC,test_041_e58f21dcc209,301721597.0,1.4551915228366852e-11,True
Model-guided constrained SAC,test_041_e58f21dcc209,554911178.0,1.4551915228366852e-11,True
Model-guided constrained SAC,test_041_e58f21dcc209,1600960620.0,1.8189894035458565e-12,True
Model-guided constrained SAC,test_042_a77d2ece213a,301721597.0,1.4551915228366852e-11,True
Model-guided constrained SAC,test_042_a77d2ece213a,554911178.0,2.9103830456733704e-11,True
Model-guided constrained SAC,test_042_a77d2ece213a,1600960620.0,1.4551915228366852e-11,True
Model-guided constrained SAC,test_043_f1174106175c,301721597.0,1.4551915228366852e-11,True
Model-guided constrained SAC,test_043_f1174106175c,554911178.0,2.9103830456733704e-11,True
Model-guided constrained SAC,test_043_f1174106175c,1600960620.0,1.4551915228366852e-11,True
Model-guided constrained SAC,test_044_ed401c94714a,301721597.0,9.094947017729282e-13,True
Model-guided constrained SAC,test_044_ed401c94714a,554911178.0,1.4551915228366852e-11,True
Model-guided constrained SAC,test_044_ed401c94714a,1600960620.0,9.094947017729282e-13,True
Model-guided constrained SAC,test_045_af7d3f616c1d,301721597.0,1.4551915228366852e-11,True
Model-guided constrained SAC,test_045_af7d3f616c1d,554911178.0,4.547473508864641e-13,True
Model-guided constrained SAC,test_045_af7d3f616c1d,1600960620.0,9.094947017729282e-13,True
Model-guided constrained SAC,test_046_e35b743e6617,301721597.0,2.9103830456733704e-11,True
Model-guided constrained SAC,test_046_e35b743e6617,554911178.0,1.4551915228366852e-11,True
Model-guided constrained SAC,test_046_e35b743e6617,1600960620.0,4.3655745685100555e-11,True
Model-guided constrained SAC,test_047_20c1f89391c1,301721597.0,1.4551915228366852e-11,True
Model-guided constrained SAC,test_047_20c1f89391c1,554911178.0,2.2737367544323206e-13,True
Model-guided constrained SAC,test_047_20c1f89391c1,1600960620.0,2.9103830456733704e-11,True
Model-guided constrained SAC,test_048_eeaf6a6a0a15,301721597.0,1.4551915228366852e-11,True
Model-guided constrained SAC,test_048_eeaf6a6a0a15,554911178.0,1.4551915228366852e-11,True
Model-guided constrained SAC,test_048_eeaf6a6a0a15,1600960620.0,1.4551915228366852e-11,True
Model-guided constrained SAC,test_049_343da3774e7e,301721597.0,1.4551915228366852e-11,True
Model-guided constrained SAC,test_049_343da3774e7e,554911178.0,1.4551915228366852e-11,True
Model-guided constrained SAC,test_049_343da3774e7e,1600960620.0,4.547473508864641e-13,True
Model-guided constrained SAC,test_050_1c7612d8bc63,301721597.0,1.4551915228366852e-11,True
Model-guided constrained SAC,test_050_1c7612d8bc63,554911178.0,2.9103830456733704e-11,True
Model-guided constrained SAC,test_050_1c7612d8bc63,1600960620.0,4.547473508864641e-13,True
Model-guided constrained SAC,test_051_5747c87e6d9a,301721597.0,1.4551915228366852e-11,True
Model-guided constrained SAC,test_051_5747c87e6d9a,554911178.0,4.547473508864641e-13,True
Model-guided constrained SAC,test_051_5747c87e6d9a,1600960620.0,2.9103830456733704e-11,True
Model-guided constrained SAC,test_052_9760565f31de,301721597.0,1.4551915228366852e-11,True
Model-guided constrained SAC,test_052_9760565f31de,554911178.0,4.547473508864641e-13,True
Model-guided constrained SAC,test_052_9760565f31de,1600960620.0,2.9103830456733704e-11,True
Model-guided constrained SAC,test_053_4473e6f72168,301721597.0,1.4551915228366852e-11,True
Model-guided constrained SAC,test_053_4473e6f72168,554911178.0,1.4551915228366852e-11,True
Model-guided constrained SAC,test_053_4473e6f72168,1600960620.0,1.4551915228366852e-11,True
Model-guided constrained SAC,test_054_c66f0b1dacc4,301721597.0,1.4551915228366852e-11,True
Model-guided constrained SAC,test_054_c66f0b1dacc4,554911178.0,1.8189894035458565e-12,True
Model-guided constrained SAC,test_054_c66f0b1dacc4,1600960620.0,2.9103830456733704e-11,True
Model-guided constrained SAC,test_055_f90330578051,301721597.0,2.9103830456733704e-11,True
Model-guided constrained SAC,test_055_f90330578051,554911178.0,4.3655745685100555e-11,True
Model-guided constrained SAC,test_055_f90330578051,1600960620.0,1.4551915228366852e-11,True
Model-guided constrained SAC,test_056_b2c64046cef9,301721597.0,2.842170943040401e-14,True
Model-guided constrained SAC,test_056_b2c64046cef9,554911178.0,4.547473508864641e-13,True
Model-guided constrained SAC,test_056_b2c64046cef9,1600960620.0,2.9103830456733704e-11,True
Model-guided constrained SAC,test_057_bf11b8e004e2,301721597.0,1.4551915228366852e-11,True
Model-guided constrained SAC,test_057_bf11b8e004e2,554911178.0,1.4551915228366852e-11,True
Model-guided constrained SAC,test_057_bf11b8e004e2,1600960620.0,1.4551915228366852e-11,True
Model-guided constrained SAC,test_058_fbcfbffca03e,301721597.0,1.4551915228366852e-11,True
Model-guided constrained SAC,test_058_fbcfbffca03e,554911178.0,1.4551915228366852e-11,True
Model-guided constrained SAC,test_058_fbcfbffca03e,1600960620.0,1.4551915228366852e-11,True
Model-guided constrained SAC,test_059_d22925a9593f,301721597.0,1.4551915228366852e-11,True
Model-guided constrained SAC,test_059_d22925a9593f,554911178.0,1.4551915228366852e-11,True
Model-guided constrained SAC,test_059_d22925a9593f,1600960620.0,1.4551915228366852e-11,True
Model-guided constrained SAC,test_060_b3feb9e274c2,301721597.0,1.4551915228366852e-11,True
Model-guided constrained SAC,test_060_b3feb9e274c2,554911178.0,2.9103830456733704e-11,True
Model-guided constrained SAC,test_060_b3feb9e274c2,1600960620.0,1.4551915228366852e-11,True
Model-guided constrained SAC,test_061_627abde70c26,301721597.0,1.4551915228366852e-11,True
Model-guided constrained SAC,test_061_627abde70c26,554911178.0,2.842170943040401e-14,True
Model-guided constrained SAC,test_061_627abde70c26,1600960620.0,1.4551915228366852e-11,True
Model-guided constrained SAC,test_062_0c9ea14e9507,301721597.0,1.4551915228366852e-11,True
Model-guided constrained SAC,test_062_0c9ea14e9507,554911178.0,5.820766091346741e-11,True
Model-guided constrained SAC,test_062_0c9ea14e9507,1600960620.0,1.4551915228366852e-11,True
Model-guided constrained SAC,test_063_44f0f2a191ef,301721597.0,1.4551915228366852e-11,True
Model-guided constrained SAC,test_063_44f0f2a191ef,554911178.0,1.4551915228366852e-11,True
Model-guided constrained SAC,test_063_44f0f2a191ef,1600960620.0,1.4551915228366852e-11,True
Model-guided constrained SAC,test_064_27d69866b791,301721597.0,1.4551915228366852e-11,True
Model-guided constrained SAC,test_064_27d69866b791,554911178.0,4.547473508864641e-13,True
Model-guided constrained SAC,test_064_27d69866b791,1600960620.0,9.094947017729282e-13,True
Model-guided constrained SAC,test_065_930038cc16e9,301721597.0,2.9103830456733704e-11,True
Model-guided constrained SAC,test_065_930038cc16e9,554911178.0,1.4551915228366852e-11,True
Model-guided constrained SAC,test_065_930038cc16e9,1600960620.0,1.4551915228366852e-11,True
Model-guided constrained SAC,test_066_28fb87ba4913,301721597.0,1.4551915228366852e-11,True
Model-guided constrained SAC,test_066_28fb87ba4913,554911178.0,1.8189894035458565e-12,True
Model-guided constrained SAC,test_066_28fb87ba4913,1600960620.0,1.4551915228366852e-11,True
Model-guided constrained SAC,test_067_4d46fa716471,301721597.0,1.4551915228366852e-11,True
Model-guided constrained SAC,test_067_4d46fa716471,554911178.0,1.4551915228366852e-11,True
Model-guided constrained SAC,test_067_4d46fa716471,1600960620.0,1.4551915228366852e-11,True
Model-guided constrained SAC,test_068_93da1d4ae1ba,301721597.0,2.9103830456733704e-11,True
Model-guided constrained SAC,test_068_93da1d4ae1ba,554911178.0,1.4551915228366852e-11,True
Model-guided constrained SAC,test_068_93da1d4ae1ba,1600960620.0,1.4551915228366852e-11,True
Model-guided constrained SAC,test_069_5b01ea54b2fa,301721597.0,9.094947017729282e-13,True
Model-guided constrained SAC,test_069_5b01ea54b2fa,554911178.0,1.4551915228366852e-11,True
Model-guided constrained SAC,test_069_5b01ea54b2fa,1600960620.0,1.4551915228366852e-11,True
Model-guided constrained SAC,test_070_0cd9bcac96c3,301721597.0,1.4551915228366852e-11,True
Model-guided constrained SAC,test_070_0cd9bcac96c3,554911178.0,1.4551915228366852e-11,True
Model-guided constrained SAC,test_070_0cd9bcac96c3,1600960620.0,4.3655745685100555e-11,True
Model-guided constrained SAC,test_071_34f77888383f,301721597.0,1.4551915228366852e-11,True
Model-guided constrained SAC,test_071_34f77888383f,554911178.0,1.4551915228366852e-11,True
Model-guided constrained SAC,test_071_34f77888383f,1600960620.0,2.9103830456733704e-11,True
Model-guided constrained SAC,test_072_8e59fac0e6c8,301721597.0,2.9103830456733704e-11,True
Model-guided constrained SAC,test_072_8e59fac0e6c8,554911178.0,9.094947017729282e-13,True
Model-guided constrained SAC,test_072_8e59fac0e6c8,1600960620.0,1.4551915228366852e-11,True
Model-guided constrained SAC,test_073_69349232969b,301721597.0,2.2737367544323206e-13,True
Model-guided constrained SAC,test_073_69349232969b,554911178.0,1.4551915228366852e-11,True
Model-guided constrained SAC,test_073_69349232969b,1600960620.0,1.4551915228366852e-11,True
Model-guided constrained SAC,test_074_212affc962e2,301721597.0,2.9103830456733704e-11,True
Model-guided constrained SAC,test_074_212affc962e2,554911178.0,1.4551915228366852e-11,True
Model-guided constrained SAC,test_074_212affc962e2,1600960620.0,4.547473508864641e-13,True
Model-guided constrained SAC,test_075_8de4e41c7ad9,301721597.0,2.2737367544323206e-13,True
Model-guided constrained SAC,test_075_8de4e41c7ad9,554911178.0,4.547473508864641e-13,True
Model-guided constrained SAC,test_075_8de4e41c7ad9,1600960620.0,1.4551915228366852e-11,True
Model-guided constrained SAC,test_076_48339f21c8ec,301721597.0,2.9103830456733704e-11,True
Model-guided constrained SAC,test_076_48339f21c8ec,554911178.0,1.4551915228366852e-11,True
Model-guided constrained SAC,test_076_48339f21c8ec,1600960620.0,1.4551915228366852e-11,True
Model-guided constrained SAC,test_077_b1f2e84dc844,301721597.0,1.4551915228366852e-11,True
Model-guided constrained SAC,test_077_b1f2e84dc844,554911178.0,1.4551915228366852e-11,True
Model-guided constrained SAC,test_077_b1f2e84dc844,1600960620.0,2.9103830456733704e-11,True
Model-guided constrained SAC,test_078_367d379a9297,301721597.0,2.9103830456733704e-11,True
Model-guided constrained SAC,test_078_367d379a9297,554911178.0,1.4551915228366852e-11,True
Model-guided constrained SAC,test_078_367d379a9297,1600960620.0,1.4551915228366852e-11,True
Model-guided constrained SAC,test_079_bce06ca59758,301721597.0,1.4551915228366852e-11,True
Model-guided constrained SAC,test_079_bce06ca59758,554911178.0,1.4551915228366852e-11,True
Model-guided constrained SAC,test_079_bce06ca59758,1600960620.0,9.094947017729282e-13,True
Model-guided constrained SAC,test_080_e669407a98d7,301721597.0,1.1368683772161603e-13,True
Model-guided constrained SAC,test_080_e669407a98d7,554911178.0,2.9103830456733704e-11,True
Model-guided constrained SAC,test_080_e669407a98d7,1600960620.0,2.9103830456733704e-11,True
Model-guided constrained SAC,test_081_fbbd80304765,301721597.0,4.547473508864641e-13,True
Model-guided constrained SAC,test_081_fbbd80304765,554911178.0,1.4551915228366852e-11,True
Model-guided constrained SAC,test_081_fbbd80304765,1600960620.0,1.4551915228366852e-11,True
Model-guided constrained SAC,test_082_2cf496ac3a99,301721597.0,2.9103830456733704e-11,True
Model-guided constrained SAC,test_082_2cf496ac3a99,554911178.0,1.4551915228366852e-11,True
Model-guided constrained SAC,test_082_2cf496ac3a99,1600960620.0,1.4551915228366852e-11,True
Model-guided constrained SAC,test_083_4cbdde5f376f,301721597.0,1.4551915228366852e-11,True
Model-guided constrained SAC,test_083_4cbdde5f376f,554911178.0,1.4551915228366852e-11,True
Model-guided constrained SAC,test_083_4cbdde5f376f,1600960620.0,1.4551915228366852e-11,True
Model-guided constrained SAC,test_084_513eb18f351c,301721597.0,1.4551915228366852e-11,True
Model-guided constrained SAC,test_084_513eb18f351c,554911178.0,2.9103830456733704e-11,True
Model-guided constrained SAC,test_084_513eb18f351c,1600960620.0,1.8189894035458565e-12,True
Model-guided constrained SAC,test_085_650c50514b66,301721597.0,1.4551915228366852e-11,True
Model-guided constrained SAC,test_085_650c50514b66,554911178.0,1.4551915228366852e-11,True
Model-guided constrained SAC,test_085_650c50514b66,1600960620.0,2.9103830456733704e-11,True
Model-guided constrained SAC,test_086_754dc8e1ab0e,301721597.0,2.9103830456733704e-11,True
Model-guided constrained SAC,test_086_754dc8e1ab0e,554911178.0,1.4551915228366852e-11,True
Model-guided constrained SAC,test_086_754dc8e1ab0e,1600960620.0,1.4551915228366852e-11,True
Model-guided constrained SAC,test_087_cbc79ee243dd,301721597.0,1.4551915228366852e-11,True
Model-guided constrained SAC,test_087_cbc79ee243dd,554911178.0,1.4551915228366852e-11,True
Model-guided constrained SAC,test_087_cbc79ee243dd,1600960620.0,1.4551915228366852e-11,True
Passive,test_000_4ae657b9eeec,,5.820766091346741e-11,True
Passive,test_001_dde9993de777,,4.547473508864641e-13,True
Passive,test_002_f01217ab0e79,,5.820766091346741e-11,True
Passive,test_003_eb3106001035,,9.094947017729282e-13,True
Passive,test_004_55a330aff5c4,,6.776263578034403e-21,True
Passive,test_005_981c73a17708,,2.2737367544323206e-13,True
Passive,test_006_daba4b1e9814,,0.0,True
Passive,test_007_925513ee8ec6,,1.8189894035458565e-12,True
Passive,test_008_fabe46a0ea00,,2.9103830456733704e-11,True
Passive,test_009_c8ef87e47101,,1.8189894035458565e-12,True
Passive,test_010_613ab99db82c,,5.820766091346741e-11,True
Passive,test_011_8a2e74b38d5d,,4.547473508864641e-13,True
Passive,test_012_b6bdc05b20a7,,5.820766091346741e-11,True
Passive,test_013_040653995d85,,2.9103830456733704e-11,True
Passive,test_014_f00647451070,,0.0,True
Passive,test_015_643a837775f9,,1.1368683772161603e-13,True
Passive,test_016_45a90ccef8bd,,0.0,True
Passive,test_017_ebd333a3cdba,,0.0,True
Passive,test_018_9466cee538c9,,2.2737367544323206e-13,True
Passive,test_019_9d2b7462a57a,,0.0,True
Passive,test_020_701c8d28bc45,,1.8189894035458565e-12,True
Passive,test_021_69299bc5d0bf,,1.8189894035458565e-12,True
Passive,test_022_1b3e72c80b5f,,0.0,True
Passive,test_023_90a8af416c5a,,5.820766091346741e-11,True
Passive,test_024_e90f261f99e2,,1.8189894035458565e-12,True
Passive,test_025_0c3eeaae0824,,0.0,True
Passive,test_026_770d47ae1768,,5.820766091346741e-11,True
Passive,test_027_df5d670513fa,,0.0,True
Passive,test_028_e9fb02365dd3,,0.0,True
Passive,test_029_b44f60718c5a,,4.547473508864641e-13,True
Passive,test_030_038f4c53d11f,,1.8189894035458565e-12,True
Passive,test_031_0a6ff70351b5,,1.8189894035458565e-12,True
Passive,test_032_efdf826e6bc3,,1.8189894035458565e-12,True
Passive,test_033_de0c441dba67,,5.820766091346741e-11,True
Passive,test_034_a00d80b83640,,0.0,True
Passive,test_035_51fd398978b7,,2.9103830456733704e-11,True
Passive,test_036_7eb6ac1ca077,,2.9103830456733704e-11,True
Passive,test_037_f096257ecaa4,,1.1368683772161603e-13,True
Passive,test_038_b05abc6e01b3,,1.8189894035458565e-12,True
Passive,test_039_9c0d1ebe6c19,,1.8189894035458565e-12,True
Passive,test_040_11a8950c659e,,4.547473508864641e-13,True
Passive,test_041_e58f21dcc209,,2.2737367544323206e-13,True
Passive,test_042_a77d2ece213a,,2.9103830456733704e-11,True
Passive,test_043_f1174106175c,,1.3552527156068805e-20,True
Passive,test_044_ed401c94714a,,6.776263578034403e-21,True
Passive,test_045_af7d3f616c1d,,1.8189894035458565e-12,True
Passive,test_046_e35b743e6617,,2.2737367544323206e-13,True
Passive,test_047_20c1f89391c1,,1.8189894035458565e-12,True
Passive,test_048_eeaf6a6a0a15,,0.0,True
Passive,test_049_343da3774e7e,,1.8189894035458565e-12,True
Passive,test_050_1c7612d8bc63,,2.9103830456733704e-11,True
Passive,test_051_5747c87e6d9a,,1.8189894035458565e-12,True
Passive,test_052_9760565f31de,,2.2737367544323206e-13,True
Passive,test_053_4473e6f72168,,1.8189894035458565e-12,True
Passive,test_054_c66f0b1dacc4,,6.776263578034403e-21,True
Passive,test_055_f90330578051,,0.0,True
Passive,test_056_b2c64046cef9,,5.820766091346741e-11,True
Passive,test_057_bf11b8e004e2,,5.820766091346741e-11,True
Passive,test_058_fbcfbffca03e,,0.0,True
Passive,test_059_d22925a9593f,,2.2737367544323206e-13,True
Passive,test_060_b3feb9e274c2,,1.8189894035458565e-12,True
Passive,test_061_627abde70c26,,0.0,True
Passive,test_062_0c9ea14e9507,,1.8189894035458565e-12,True
Passive,test_063_44f0f2a191ef,,5.820766091346741e-11,True
Passive,test_064_27d69866b791,,2.9103830456733704e-11,True
Passive,test_065_930038cc16e9,,2.9103830456733704e-11,True
Passive,test_066_28fb87ba4913,,5.820766091346741e-11,True
Passive,test_067_4d46fa716471,,5.820766091346741e-11,True
Passive,test_068_93da1d4ae1ba,,2.2737367544323206e-13,True
Passive,test_069_5b01ea54b2fa,,6.776263578034403e-21,True
Passive,test_070_0cd9bcac96c3,,0.0,True
Passive,test_071_34f77888383f,,2.9103830456733704e-11,True
Passive,test_072_8e59fac0e6c8,,1.8189894035458565e-12,True
Passive,test_073_69349232969b,,1.8189894035458565e-12,True
Passive,test_074_212affc962e2,,0.0,True
Passive,test_075_8de4e41c7ad9,,1.8189894035458565e-12,True
Passive,test_076_48339f21c8ec,,0.0,True
Passive,test_077_b1f2e84dc844,,5.820766091346741e-11,True
Passive,test_078_367d379a9297,,1.8189894035458565e-12,True
Passive,test_079_bce06ca59758,,5.684341886080802e-14,True
Passive,test_080_e669407a98d7,,1.8189894035458565e-12,True
Passive,test_081_fbbd80304765,,2.9103830456733704e-11,True
Passive,test_082_2cf496ac3a99,,5.820766091346741e-11,True
Passive,test_083_4cbdde5f376f,,1.8189894035458565e-12,True
Passive,test_084_513eb18f351c,,1.8189894035458565e-12,True
Passive,test_085_650c50514b66,,9.094947017729282e-13,True
Passive,test_086_754dc8e1ab0e,,4.547473508864641e-13,True
Passive,test_087_cbc79ee243dd,,0.0,True
Reactive,test_000_4ae657b9eeec,,4.547473508864641e-13,True
Reactive,test_001_dde9993de777,,9.094947017729282e-13,True
Reactive,test_002_f01217ab0e79,,2.2737367544323206e-13,True
Reactive,test_003_eb3106001035,,4.547473508864641e-13,True
Reactive,test_004_55a330aff5c4,,2.2737367544323206e-13,True
Reactive,test_005_981c73a17708,,2.842170943040401e-14,True
Reactive,test_006_daba4b1e9814,,1.723881454251952e-17,True
Reactive,test_007_925513ee8ec6,,1.8189894035458565e-12,True
Reactive,test_008_fabe46a0ea00,,2.2737367544323206e-13,True
Reactive,test_009_c8ef87e47101,,1.4551915228366852e-11,True
Reactive,test_010_613ab99db82c,,4.092863201132779e-17,True
Reactive,test_011_8a2e74b38d5d,,2.842170943040401e-14,True
Reactive,test_012_b6bdc05b20a7,,1.4551915228366852e-11,True
Reactive,test_013_040653995d85,,4.547473508864641e-13,True
Reactive,test_014_f00647451070,,9.094947017729282e-13,True
Reactive,test_015_643a837775f9,,1.4551915228366852e-11,True
Reactive,test_016_45a90ccef8bd,,4.547473508864641e-13,True
Reactive,test_017_ebd333a3cdba,,1.4551915228366852e-11,True
Reactive,test_018_9466cee538c9,,2.2737367544323206e-13,True
Reactive,test_019_9d2b7462a57a,,1.4551915228366852e-11,True
Reactive,test_020_701c8d28bc45,,2.2737367544323206e-13,True
Reactive,test_021_69299bc5d0bf,,1.4551915228366852e-11,True
Reactive,test_022_1b3e72c80b5f,,4.423544863740858e-17,True
Reactive,test_023_90a8af416c5a,,1.4551915228366852e-11,True
Reactive,test_024_e90f261f99e2,,4.547473508864641e-13,True
Reactive,test_025_0c3eeaae0824,,1.4551915228366852e-11,True
Reactive,test_026_770d47ae1768,,1.4551915228366852e-11,True
Reactive,test_027_df5d670513fa,,1.4551915228366852e-11,True
Reactive,test_028_e9fb02365dd3,,4.547473508864641e-13,True
Reactive,test_029_b44f60718c5a,,2.2737367544323206e-13,True
Reactive,test_030_038f4c53d11f,,2.862293735361732e-17,True
Reactive,test_031_0a6ff70351b5,,2.2737367544323206e-13,True
Reactive,test_032_efdf826e6bc3,,1.4551915228366852e-11,True
Reactive,test_033_de0c441dba67,,4.547473508864641e-13,True
Reactive,test_034_a00d80b83640,,2.2737367544323206e-13,True
Reactive,test_035_51fd398978b7,,1.4551915228366852e-11,True
Reactive,test_036_7eb6ac1ca077,,1.4551915228366852e-11,True
Reactive,test_037_f096257ecaa4,,3.5128150388530344e-17,True
Reactive,test_038_b05abc6e01b3,,4.547473508864641e-13,True
Reactive,test_039_9c0d1ebe6c19,,4.547473508864641e-13,True
Reactive,test_040_11a8950c659e,,1.4551915228366852e-11,True
Reactive,test_041_e58f21dcc209,,4.547473508864641e-13,True
Reactive,test_042_a77d2ece213a,,7.239760006771956e-17,True
Reactive,test_043_f1174106175c,,1.4551915228366852e-11,True
Reactive,test_044_ed401c94714a,,1.4551915228366852e-11,True
Reactive,test_045_af7d3f616c1d,,1.4551915228366852e-11,True
Reactive,test_046_e35b743e6617,,1.4551915228366852e-11,True
Reactive,test_047_20c1f89391c1,,1.4551915228366852e-11,True
Reactive,test_048_eeaf6a6a0a15,,1.4551915228366852e-11,True
Reactive,test_049_343da3774e7e,,2.2737367544323206e-13,True
Reactive,test_050_1c7612d8bc63,,4.547473508864641e-13,True
Reactive,test_051_5747c87e6d9a,,2.2737367544323206e-13,True
Reactive,test_052_9760565f31de,,9.259086553026208e-17,True
Reactive,test_053_4473e6f72168,,1.4551915228366852e-11,True
Reactive,test_054_c66f0b1dacc4,,1.4551915228366852e-11,True
Reactive,test_055_f90330578051,,4.547473508864641e-13,True
Reactive,test_056_b2c64046cef9,,1.4551915228366852e-11,True
Reactive,test_057_bf11b8e004e2,,3.74049749507499e-18,True
Reactive,test_058_fbcfbffca03e,,3.6591823321385775e-17,True
Reactive,test_059_d22925a9593f,,9.784924606681678e-17,True
Reactive,test_060_b3feb9e274c2,,2.2737367544323206e-13,True
Reactive,test_061_627abde70c26,,1.4551915228366852e-11,True
Reactive,test_062_0c9ea14e9507,,1.4551915228366852e-11,True
Reactive,test_063_44f0f2a191ef,,2.2737367544323206e-13,True
Reactive,test_064_27d69866b791,,2.2737367544323206e-13,True
Reactive,test_065_930038cc16e9,,1.4551915228366852e-11,True
Reactive,test_066_28fb87ba4913,,3.664603343001005e-17,True
Reactive,test_067_4d46fa716471,,1.4551915228366852e-11,True
Reactive,test_068_93da1d4ae1ba,,1.4551915228366852e-11,True
Reactive,test_069_5b01ea54b2fa,,1.4551915228366852e-11,True
Reactive,test_070_0cd9bcac96c3,,4.547473508864641e-13,True
Reactive,test_071_34f77888383f,,9.094947017729282e-13,True
Reactive,test_072_8e59fac0e6c8,,4.547473508864641e-13,True
Reactive,test_073_69349232969b,,1.4551915228366852e-11,True
Reactive,test_074_212affc962e2,,2.2737367544323206e-13,True
Reactive,test_075_8de4e41c7ad9,,1.4551915228366852e-11,True
Reactive,test_076_48339f21c8ec,,9.226560487851643e-17,True
Reactive,test_077_b1f2e84dc844,,7.85504473965748e-17,True
Reactive,test_078_367d379a9297,,9.094947017729282e-13,True
Reactive,test_079_bce06ca59758,,1.4551915228366852e-11,True
Reactive,test_080_e669407a98d7,,1.4551915228366852e-11,True
Reactive,test_081_fbbd80304765,,2.2737367544323206e-13,True
Reactive,test_082_2cf496ac3a99,,1.4551915228366852e-11,True
Reactive,test_083_4cbdde5f376f,,2.1846673775582914e-17,True
Reactive,test_084_513eb18f351c,,1.4551915228366852e-11,True
Reactive,test_085_650c50514b66,,3.5019730171281793e-17,True
Reactive,test_086_754dc8e1ab0e,,1.4551915228366852e-11,True
Reactive,test_087_cbc79ee243dd,,4.547473508864641e-13,True
