controller_id,information_regime,capacity_rights,seed_index,training_seed,bc_checkpoint_path,bc_checkpoint_sha256,sac_checkpoint_path,sac_checkpoint_sha256,controller_bundle_path,controller_bundle_sha256,bc_selected_episode,sac_selected_episode,bc_validation_loss,sac_validation_loss,generated_from_scratch,reused_5_2_2_anchor,test_paths_seen_before_selection,teacher_hash
I0_RD,I0,RD,0,757737466,output/5.2.4_released_risk_information_capacity_preparation/checkpoints/I0_RD/behaviour_cloning_seed_0.npz,2beb96eab6675ef81629c8bd31152c0326498df8c6040fff50ef6c5b7d1f9a8e,output/5.2.4_released_risk_information_capacity_preparation/checkpoints/I0_RD/constrained_sac_seed_0.npz,91e20515c49cf296cac505604e0291b0f6f40cd8d4cbc825c5e89177b4fdd049,output/5.2.4_released_risk_information_capacity_preparation/checkpoints/I0_RD/controller_bundle_seed_0.json,96993d306d0a2760d9ec002568b7240aece2f96b4eaa6b30cf555442d8b2c31f,12,3,34724.07219299703,125435.57859297538,True,False,False,99d1476ef74cf7cec1b8b761502db94b96408e1331f278d7873488c069137bf2
I0_RD,I0,RD,1,2577411,output/5.2.4_released_risk_information_capacity_preparation/checkpoints/I0_RD/behaviour_cloning_seed_1.npz,a15d51ccf08c109c3c5ed63de1914aa9e792d0ed9b4a1a8bd5ff200000820216,output/5.2.4_released_risk_information_capacity_preparation/checkpoints/I0_RD/constrained_sac_seed_1.npz,7f32dd1b4cdb910cab25f4ea1e9d54744d44e76aca8c6eb59ae6ebc7bf391795,output/5.2.4_released_risk_information_capacity_preparation/checkpoints/I0_RD/controller_bundle_seed_1.json,073adb2d1692ce5b913e0f058b42881ea8d830e18b0ac4a31cd6e0d12ba3747c,12,3,36524.13131907242,125381.94353773077,True,False,False,99d1476ef74cf7cec1b8b761502db94b96408e1331f278d7873488c069137bf2
I0_RD,I0,RD,2,3815378800,output/5.2.4_released_risk_information_capacity_preparation/checkpoints/I0_RD/behaviour_cloning_seed_2.npz,1bee2451811780228687f6ab33fa18d7a5dc522edc88eda32804ad92defc2bb0,output/5.2.4_released_risk_information_capacity_preparation/checkpoints/I0_RD/constrained_sac_seed_2.npz,29a1e80710983b6b07f568a83da2156da05be10ce39732edf8a22a86d8f844b1,output/5.2.4_released_risk_information_capacity_preparation/checkpoints/I0_RD/controller_bundle_seed_2.json,7c4308c61766d777abdd24c36f231ea513a47cfd4d31742be561d9ff0fbd6a45,12,3,35508.57534591497,125447.04450842268,True,False,False,99d1476ef74cf7cec1b8b761502db94b96408e1331f278d7873488c069137bf2
IF_RD,IF,RD,0,757737466,output/5.2.4_released_risk_information_capacity_preparation/checkpoints/IF_RD/behaviour_cloning_seed_0.npz,983902b2282716a268639cdde5c123781f82dede973eeac12534ef7b929b91a1,output/5.2.4_released_risk_information_capacity_preparation/checkpoints/IF_RD/constrained_sac_seed_0.npz,23c1369c7b2a805834476c9fcd5b06941cbdbf79155c1e096d216d3863bba299,output/5.2.4_released_risk_information_capacity_preparation/checkpoints/IF_RD/controller_bundle_seed_0.json,f635a4b30c82a065e51580367c8cd04258d63812c0107a94a17f40eede622729,12,3,34514.199630610194,125265.77697596954,True,False,False,3d8dc06f2ca5e84c20fb0913b6ee7e02a777bb07639e390ec51f36d11c34d2dc
IF_RD,IF,RD,1,2577411,output/5.2.4_released_risk_information_capacity_preparation/checkpoints/IF_RD/behaviour_cloning_seed_1.npz,7c1f6f6faa97715f56e333704794dfbddd20c5a154b859ebe6919637da9b0e83,output/5.2.4_released_risk_information_capacity_preparation/checkpoints/IF_RD/constrained_sac_seed_1.npz,6862ae8a20500e3059be6702da16312d7d43a2ba690c919554775da5a12db722,output/5.2.4_released_risk_information_capacity_preparation/checkpoints/IF_RD/controller_bundle_seed_1.json,a7427b4b79ed46cb77474aa8a902cde07212ef95ad770973b8de035639549c47,12,3,36890.639998588245,125223.33136592398,True,False,False,3d8dc06f2ca5e84c20fb0913b6ee7e02a777bb07639e390ec51f36d11c34d2dc
IF_RD,IF,RD,2,3815378800,output/5.2.4_released_risk_information_capacity_preparation/checkpoints/IF_RD/behaviour_cloning_seed_2.npz,ad53118ec9a99bd4c2bb934904616d9bd4a47fd8dec7ef761978462ef40f63c9,output/5.2.4_released_risk_information_capacity_preparation/checkpoints/IF_RD/constrained_sac_seed_2.npz,0913e139a82d319a2b745d96238ceec2f75aceb78451a7ef50b75d1c8a6ad3ed,output/5.2.4_released_risk_information_capacity_preparation/checkpoints/IF_RD/controller_bundle_seed_2.json,61d952182a3a81b2efe4f73fc39f41a5c7a88c3c23231b6a45698b5026db0bd7,12,3,35264.005426600736,125281.96084990582,True,False,False,3d8dc06f2ca5e84c20fb0913b6ee7e02a777bb07639e390ec51f36d11c34d2dc
IL_D,IL,D,0,757737466,output/5.2.4_released_risk_information_capacity_preparation/checkpoints/IL_D/behaviour_cloning_seed_0.npz,d569cd9b74a05b7df1f7648335b618c6e2097a55c2947fc3a60959270d5eac80,output/5.2.4_released_risk_information_capacity_preparation/checkpoints/IL_D/constrained_sac_seed_0.npz,a4a38f6b09e07db9361ea4ab64d668bcd541702a0559d9cbb354b15e2026a88c,output/5.2.4_released_risk_information_capacity_preparation/checkpoints/IL_D/controller_bundle_seed_0.json,395cdd48b85a9748b52463b23406a8bf01893ca11cc74e06feac686e2302b2d6,12,3,35441.800066706695,125279.44505019196,True,False,False,7bb5c53fd716ae8efef7fd0c5a01dae18936b886bde6775b7ac99dbb4d12625b
IL_D,IL,D,1,2577411,output/5.2.4_released_risk_information_capacity_preparation/checkpoints/IL_D/behaviour_cloning_seed_1.npz,0471ec0767ab7622f2328a009cbbf87a423bc308242f155c01d0d3ac11151209,output/5.2.4_released_risk_information_capacity_preparation/checkpoints/IL_D/constrained_sac_seed_1.npz,779feb06781a54d1a1c30089f2e84134e42c08b6003ddaae98554a97dab828de,output/5.2.4_released_risk_information_capacity_preparation/checkpoints/IL_D/controller_bundle_seed_1.json,8fbc19d33150009f4e6a2f6b1a2d5c0435e25a6d8664c512716a5830e3614844,12,3,37722.498633853626,125246.02192508048,True,False,False,7bb5c53fd716ae8efef7fd0c5a01dae18936b886bde6775b7ac99dbb4d12625b
IL_D,IL,D,2,3815378800,output/5.2.4_released_risk_information_capacity_preparation/checkpoints/IL_D/behaviour_cloning_seed_2.npz,276571cbb843759426f4b5e4a1cde9d87b7a7c3b81597f730ac0e5a081426589,output/5.2.4_released_risk_information_capacity_preparation/checkpoints/IL_D/constrained_sac_seed_2.npz,6641d0a6d4f91367e7231832ddb5f7e571bd617aad0207f8ced8bee4e794abf3,output/5.2.4_released_risk_information_capacity_preparation/checkpoints/IL_D/controller_bundle_seed_2.json,efb76224a61e4ba6af542e6029563424e623dd2d06686b30b5dbe76b264bd476,12,3,36554.43352692359,125297.79325964976,True,False,False,7bb5c53fd716ae8efef7fd0c5a01dae18936b886bde6775b7ac99dbb4d12625b
IL_NONE,IL,NONE,0,757737466,output/5.2.4_released_risk_information_capacity_preparation/checkpoints/IL_NONE/behaviour_cloning_seed_0.npz,6a8943a49c7fed2c9ca23dab334128872377d60bc20ab66e5842c3f8dd18a80c,output/5.2.4_released_risk_information_capacity_preparation/checkpoints/IL_NONE/constrained_sac_seed_0.npz,5ac9cc5657ea306c32545f37b1f7ce27920e929d15086c81c34f7dbdc94ea438,output/5.2.4_released_risk_information_capacity_preparation/checkpoints/IL_NONE/controller_bundle_seed_0.json,13ca87ebbdbf978aa011e72be0e7a816bbd1caa5287a2e6cbf41596a7e717295,12,3,34547.53786603019,125278.96902808725,True,False,False,517e8fa6c9b8f371df6431a69b4c07ef7961064e23b71d23cb217046e7968ef0
IL_NONE,IL,NONE,1,2577411,output/5.2.4_released_risk_information_capacity_preparation/checkpoints/IL_NONE/behaviour_cloning_seed_1.npz,fe561389860a5c01f6ce734799cdf90f2eedc9c6e55fe676be048b10bbbea89a,output/5.2.4_released_risk_information_capacity_preparation/checkpoints/IL_NONE/constrained_sac_seed_1.npz,facc9822bee6ad8a19eaa1944d209bce5a3e724e47bd2411f05cdab2cd2b8699,output/5.2.4_released_risk_information_capacity_preparation/checkpoints/IL_NONE/controller_bundle_seed_1.json,5e7cc9078e6dc9781ffb21b228099c9cb42e211efe9b01702aed7135e1412c39,12,3,37039.24837971364,125244.9395346534,True,False,False,517e8fa6c9b8f371df6431a69b4c07ef7961064e23b71d23cb217046e7968ef0
IL_NONE,IL,NONE,2,3815378800,output/5.2.4_released_risk_information_capacity_preparation/checkpoints/IL_NONE/behaviour_cloning_seed_2.npz,07c3bcf2025c77e8ed14177a7a7cb3d87b86adec353261715f2dd2d11816f822,output/5.2.4_released_risk_information_capacity_preparation/checkpoints/IL_NONE/constrained_sac_seed_2.npz,0715e22298b40444f86db52c204c93eba3fe73df6f6a6f323d9e48182e67c6d4,output/5.2.4_released_risk_information_capacity_preparation/checkpoints/IL_NONE/controller_bundle_seed_2.json,728f052325c7c83f84621c00b6a8fa0fa0331ab07e52d43bae57f967ec07e555,12,3,35912.16314712004,125297.80272256875,True,False,False,517e8fa6c9b8f371df6431a69b4c07ef7961064e23b71d23cb217046e7968ef0
IL_R,IL,R,0,757737466,output/5.2.4_released_risk_information_capacity_preparation/checkpoints/IL_R/behaviour_cloning_seed_0.npz,050a68bde5f5fbdd124a66e1f69aeda20667764a4f3c4f365c7865927687dd66,output/5.2.4_released_risk_information_capacity_preparation/checkpoints/IL_R/constrained_sac_seed_0.npz,d69485b76cfb9c7b836fb9dfe7edf95c9d7cbb992a200033305d69167b6a2767,output/5.2.4_released_risk_information_capacity_preparation/checkpoints/IL_R/controller_bundle_seed_0.json,fd9562544af04c79de00a9842fd0c261dd9b179739576e369615f4163cd4381a,12,3,33983.18652594622,125280.5787107304,True,False,False,fa74e70279e2d0ac6917309ccf2dfd94c0f12b6a73fc7e25ef6c42fc25609005
IL_R,IL,R,1,2577411,output/5.2.4_released_risk_information_capacity_preparation/checkpoints/IL_R/behaviour_cloning_seed_1.npz,827bb787600c97d51469813e3cd77a5ffa7a3820d3d928132f0d7d09d3ead1e4,output/5.2.4_released_risk_information_capacity_preparation/checkpoints/IL_R/constrained_sac_seed_1.npz,2c859eb089b195157cfab9e8bf399126edf592ee287cfa5a5bee0fdbf1d03975,output/5.2.4_released_risk_information_capacity_preparation/checkpoints/IL_R/controller_bundle_seed_1.json,b945a9687afbcdadfa0a7877aba6220a959ab2550345d5a4ad57fb4ec8e5ffe5,12,3,36544.418984588985,125238.80349261328,True,False,False,fa74e70279e2d0ac6917309ccf2dfd94c0f12b6a73fc7e25ef6c42fc25609005
IL_R,IL,R,2,3815378800,output/5.2.4_released_risk_information_capacity_preparation/checkpoints/IL_R/behaviour_cloning_seed_2.npz,19cd1d8afd1ab78f22bd11f710baabd4d407a951b1ee3288aa2ed146ab3a884e,output/5.2.4_released_risk_information_capacity_preparation/checkpoints/IL_R/constrained_sac_seed_2.npz,738e40f9979c89bc080671ffb435f1b38742d7f7b6a6a6c99b989006baf05209,output/5.2.4_released_risk_information_capacity_preparation/checkpoints/IL_R/controller_bundle_seed_2.json,9db3bbab2f433ab568b65f01270369e769fdeded14ed1d6d55198b88bf267a33,12,3,34976.21320342104,125297.1184610336,True,False,False,fa74e70279e2d0ac6917309ccf2dfd94c0f12b6a73fc7e25ef6c42fc25609005
IL_RD,IL,RD,0,301721597,output/5.2.4_released_risk_information_capacity_preparation/checkpoints/IL_RD/behaviour_cloning_seed_0.npz,a70e51c789ed5fad39a38cd6d13d9922cb78a646f71c549d0a564ca15b64c482,output/5.2.4_released_risk_information_capacity_preparation/checkpoints/IL_RD/constrained_sac_seed_0.npz,a573ba3225b1fb325a31be1c73333c9a7d12e050460879113f06551f4d1ca4bc,output/5.2.4_released_risk_information_capacity_preparation/checkpoints/IL_RD/controller_bundle_seed_0.json,2f7b56143eb55dd32d0902716b2274e6fcb3017fdf6c1f66d7bff23842b74c24,12,3,33795.69314106781,125239.90725432288,False,True,False,3a95d41e2e5ff43167fa6428a77ee2ad4c7832f090bfab975b3f95cf58b30ee7
IL_RD,IL,RD,1,554911178,output/5.2.4_released_risk_information_capacity_preparation/checkpoints/IL_RD/behaviour_cloning_seed_1.npz,5239309e9cd3e2d2e8b9b13320e6d7756a61969c02968901af012dec185eef08,output/5.2.4_released_risk_information_capacity_preparation/checkpoints/IL_RD/constrained_sac_seed_1.npz,468020983bce00b9d741d6f5aec5803cc786003cc1118969b1012930de7a6067,output/5.2.4_released_risk_information_capacity_preparation/checkpoints/IL_RD/controller_bundle_seed_1.json,21c82c47d61f2ea4eab9fb812b98780b8d82839a67a0a09bbc9f98936cc5cbe8,12,3,35482.248315338475,125269.01124666094,False,True,False,3a95d41e2e5ff43167fa6428a77ee2ad4c7832f090bfab975b3f95cf58b30ee7
IL_RD,IL,RD,2,1600960620,output/5.2.4_released_risk_information_capacity_preparation/checkpoints/IL_RD/behaviour_cloning_seed_2.npz,a65a269c9441c3eb3191f7034004a7cddc51ac43359e812c4828169c2c268b1a,output/5.2.4_released_risk_information_capacity_preparation/checkpoints/IL_RD/constrained_sac_seed_2.npz,c26767b8b75c0981dc5231fa548e952fa14e83b72e731f604157aaf81e5c9e6c,output/5.2.4_released_risk_information_capacity_preparation/checkpoints/IL_RD/controller_bundle_seed_2.json,9dddb74737aafcebf493bfdf63b69c8c35303ff0864f19ae81b7dffa70370c34,12,3,34055.17106370699,125286.2827444384,False,True,False,3a95d41e2e5ff43167fa6428a77ee2ad4c7832f090bfab975b3f95cf58b30ee7
ORACLE_RD,ORACLE,RD,0,757737466,output/5.2.4_released_risk_information_capacity_preparation/checkpoints/ORACLE_RD/behaviour_cloning_seed_0.npz,4965816a28a4cb4f6a8ec97e0a1fa2746dc6f7add83f991b6eeeebbeae25c472,output/5.2.4_released_risk_information_capacity_preparation/checkpoints/ORACLE_RD/constrained_sac_seed_0.npz,e2591a82ad0ffa8d4991457db832630a01b63d39898c9909766ebe81d679b5b1,output/5.2.4_released_risk_information_capacity_preparation/checkpoints/ORACLE_RD/controller_bundle_seed_0.json,a7890de9a17592a714aceeaf15651452079f8de218b3e9c32f327c7c1554f5aa,12,3,34262.709412574266,125075.31112835712,True,False,False,931d9c74a8aa6371b77767c5d834dcc36583c5670bbdc35d3d7b1fe79e43e4c7
ORACLE_RD,ORACLE,RD,1,2577411,output/5.2.4_released_risk_information_capacity_preparation/checkpoints/ORACLE_RD/behaviour_cloning_seed_1.npz,ac8380ac74e3258535e542f399e28a95d4579be06ec0ccb625f7b5e92ca58028,output/5.2.4_released_risk_information_capacity_preparation/checkpoints/ORACLE_RD/constrained_sac_seed_1.npz,d46413ddfb2c0a4060c623d4195bcd0415faeffed998fcafd8579b07211d60f4,output/5.2.4_released_risk_information_capacity_preparation/checkpoints/ORACLE_RD/controller_bundle_seed_1.json,eb1c32de27bcf24bd8da247e2177409a32bfd17f3121f9cacc9ad0a644959785,12,3,36646.59979181428,125040.86798327343,True,False,False,931d9c74a8aa6371b77767c5d834dcc36583c5670bbdc35d3d7b1fe79e43e4c7
ORACLE_RD,ORACLE,RD,2,3815378800,output/5.2.4_released_risk_information_capacity_preparation/checkpoints/ORACLE_RD/behaviour_cloning_seed_2.npz,c51cd74de5842ea64868475ace5ae80dc9bd6696ed137a8751615887226e10a5,output/5.2.4_released_risk_information_capacity_preparation/checkpoints/ORACLE_RD/constrained_sac_seed_2.npz,b43e99d9a470309bdcd83113d74ca17bdbf6c347f7e458ac07b64968968fbc22,output/5.2.4_released_risk_information_capacity_preparation/checkpoints/ORACLE_RD/controller_bundle_seed_2.json,f8aad22254cbfe4c800805b4eb0ae53c9aabd58f3cb13510994a939154519f90,12,3,35278.19925427033,125107.0039161768,True,False,False,931d9c74a8aa6371b77767c5d834dcc36583c5670bbdc35d3d7b1fe79e43e4c7
