evidence_layer,warning_scenario,comparison,estimand,physical_paths,mean_paired_effect,standard_error,paired_95_lower,paired_95_upper,simultaneous_95_lower,simultaneous_95_upper,paired_bootstrap_95_lower,paired_bootstrap_95_upper,unadjusted_p_value,holm_adjusted_p_value,multiplicity_family_size,learning_seeds_aggregated_within_path_first,inference_unit
reoptimized_information_value,GH,IF vs I0,J_I0 - J_I; positive means lower loss than the baseline information controller,88,-86.40658174857427,3.646646792295393,-93.6546871129708,-79.15847638417773,-97.13859895750956,-75.67456453963896,-93.7322406618528,-79.49660029445137,1.0330104552544297e-39,6.198062610080386e-39,12,True,physical_path
reoptimized_information_value,GH,IL vs I0,J_I0 - J_I; positive means lower loss than the baseline information controller,88,2644.6259740868963,29.167900982793363,2586.651612536926,2702.6003356368665,2558.7853558078714,2730.4665923659213,2588.325643645554,2702.48907359706,6.374354191106349e-88,7.646923112639327e-87,12,True,physical_path
reoptimized_information_value,GH,ORACLE vs I0,J_I0 - J_I; positive means lower loss than the baseline information controller,88,134.186599922214,10.17795162540662,113.95681898194286,154.4163808624851,104.23306775497612,164.14013208945184,114.2886047514346,154.16260904586304,1.8835038868556371e-22,5.6505116605669095e-22,12,True,physical_path
reoptimized_information_value,GT,IF vs I0,J_I0 - J_I; positive means lower loss than the baseline information controller,88,-86.40658012305539,3.646646764420059,-93.65468543204668,-79.15847481406409,-97.13859724995407,-75.67456299615671,-93.62321893765434,-79.51023761607988,1.0330113258165852e-39,6.198062610080386e-39,12,True,physical_path
reoptimized_information_value,GT,IL vs I0,J_I0 - J_I; positive means lower loss than the baseline information controller,88,2644.635522127708,29.16790432584561,2586.6611539330597,2702.609890322356,2558.794894010139,2730.476150245276,2588.783130966008,2701.734878739943,6.372435927199439e-88,7.646923112639327e-87,12,True,physical_path
reoptimized_information_value,GT,ORACLE vs I0,J_I0 - J_I; positive means lower loss than the baseline information controller,88,134.186599922214,10.17795162540662,113.95681898194286,154.4163808624851,104.23306775497612,164.14013208945184,114.59792261295362,154.39326240060666,1.8835038868556371e-22,5.6505116605669095e-22,12,True,physical_path
reoptimized_information_value,GL,IF vs I0,J_I0 - J_I; positive means lower loss than the baseline information controller,88,-86.40658176720866,3.646646792134902,-93.6546871312862,-79.15847640313112,-97.13859897567164,-75.67456455874569,-93.65579683621304,-79.35352293583281,1.0330104350133978e-39,6.198062610080386e-39,12,True,physical_path
reoptimized_information_value,GL,IL vs I0,J_I0 - J_I; positive means lower loss than the baseline information controller,88,2644.625107447878,29.16790018585331,2586.6507474819123,2702.5994674138437,2558.7844915142337,2730.465723381522,2590.6263381806034,2701.5299186396787,6.374519047411538e-88,7.646923112639327e-87,12,True,physical_path
reoptimized_information_value,GL,ORACLE vs I0,J_I0 - J_I; positive means lower loss than the baseline information controller,88,134.186599922214,10.17795162540662,113.95681898194286,154.4163808624851,104.23306775497612,164.14013208945184,114.3072836516117,154.70766890972783,1.8835038868556371e-22,5.6505116605669095e-22,12,True,physical_path
reoptimized_information_value,GFW,IF vs I0,J_I0 - J_I; positive means lower loss than the baseline information controller,88,0.0820817781969474,0.0,0.0820817781969474,0.0820817781969474,0.0820817781969474,0.0820817781969474,0.0820817781969474,0.0820817781969474,0.0,0.0,12,True,physical_path
reoptimized_information_value,GFW,IL vs I0,J_I0 - J_I; positive means lower loss than the baseline information controller,88,-7.0717092624694535,2.8566816507987843e-16,-7.071709262469454,-7.071709262469453,-7.071709262469454,-7.071709262469453,-7.0717092624694535,-7.0717092624694535,0.0,0.0,12,True,physical_path
reoptimized_information_value,GFW,ORACLE vs I0,J_I0 - J_I; positive means lower loss than the baseline information controller,88,-12.914522158702624,0.0,-12.914522158702624,-12.914522158702624,-12.914522158702624,-12.914522158702624,-12.914522158702624,-12.914522158702624,0.0,0.0,12,True,physical_path
fixed_policy_information_responsiveness,GH,IF vs I0,fixed IL checkpoint response; not information value,88,242.86977629636004,5.310268927417711,232.3150417987595,253.4245107939606,227.9876737648568,257.7518788278633,233.3744333372139,253.4997702040992,1.248737957507658e-62,7.492421601769411e-62,8,True,physical_path
fixed_policy_information_responsiveness,GH,IL vs I0,fixed IL checkpoint response; not information value,88,192.7779942128914,4.888895184535767,183.0607856562872,202.4952027694956,179.07679745685172,206.47919096893108,183.9711869258884,203.2601685717613,2.782011782136043e-57,8.302005117028321e-57,8,True,physical_path
fixed_policy_information_responsiveness,GT,IF vs I0,fixed IL checkpoint response; not information value,88,242.8697778601125,5.310268909504818,232.31504339811576,253.4245123221092,227.9876753788104,257.7518803414146,233.34362734834755,253.7168395173356,1.2487369336282352e-62,7.492421601769411e-62,8,True,physical_path
fixed_policy_information_responsiveness,GT,IL vs I0,fixed IL checkpoint response; not information value,88,192.7875422537031,4.888823643869278,183.07047589192007,202.5046086154861,179.0865459913763,206.48853851602988,184.081599319428,202.8702996452756,2.76733503900944e-57,8.302005117028321e-57,8,True,physical_path
fixed_policy_information_responsiveness,GL,IF vs I0,fixed IL checkpoint response; not information value,88,242.86977625655743,5.310268927336196,232.31504175911888,253.424510753996,227.9876737252826,257.75187878783225,233.1109096156827,253.71852391689796,1.2487379730073263e-62,7.492421601769411e-62,8,True,physical_path
fixed_policy_information_responsiveness,GL,IL vs I0,fixed IL checkpoint response; not information value,88,192.77712757387283,4.888893568680845,183.05992222895523,202.49433291879043,179.07593534628904,206.47831980145665,184.2800341957627,202.9784409909862,2.782967210307809e-57,8.302005117028321e-57,8,True,physical_path
fixed_policy_information_responsiveness,GFW,IF vs I0,fixed IL checkpoint response; not information value,88,2.036272179326403,0.0,2.036272179326403,2.036272179326403,2.036272179326403,2.036272179326403,2.036272179326403,2.036272179326403,0.0,0.0,8,True,physical_path
fixed_policy_information_responsiveness,GFW,IL vs I0,fixed IL checkpoint response; not information value,88,0.7536560527220679,0.0,0.7536560527220679,0.7536560527220679,0.7536560527220679,0.7536560527220679,0.7536560527220679,0.7536560527220679,0.0,0.0,8,True,physical_path
