policy,in_main_ranking,learning_policy,action_dimension,action_blocks,shared_projector,direct_procurement_right_retained,exit_is_control_action,future_serviceability_access,future_event_realization_access,information_set,policy_rule,common_budget_and_phase_bounds
Passive,True,False,34.0,y_R[10 resources]|y_V[10 resources]|v_R[10 resources]|rho[1 class]|lambda[3 routes],weighted Euclidean projector with reciprocal formal block upper bounds,True,False,False,False,current physical state and released information through decision week,zero requested coordination action; endogenous route/wait/exit SUE remains active,True
Reactive,True,False,34.0,y_R[10 resources]|y_V[10 resources]|v_R[10 resources]|rho[1 class]|lambda[3 routes],weighted Euclidean projector with reciprocal formal block upper bounds,True,False,False,False,current physical state and released information through decision week,"current queue, waiting, stock, disruption status and remaining budget only",True
Projected stochastic MPC,True,False,34.0,y_R[10 resources]|y_V[10 resources]|v_R[10 resources]|rho[1 class]|lambda[3 routes],weighted Euclidean projector with reciprocal formal block upper bounds,True,False,False,False,current physical state and released information through decision week,formal nested H_C objective; first projected action executed,True
Behaviour cloning,True,True,34.0,y_R[10 resources]|y_V[10 resources]|v_R[10 resources]|rho[1 class]|lambda[3 routes],weighted Euclidean projector with reciprocal formal block upper bounds,True,False,False,False,current physical state and released information through decision week,projected full-state fit to feasible formal-MPC first actions,True
PPO,True,True,34.0,y_R[10 resources]|y_V[10 resources]|v_R[10 resources]|rho[1 class]|lambda[3 routes],weighted Euclidean projector with reciprocal formal block upper bounds,True,False,False,False,current physical state and released information through decision week,from-scratch projected full-state policy trained on the formal operational reward,True
Vanilla SAC,True,True,34.0,y_R[10 resources]|y_V[10 resources]|v_R[10 resources]|rho[1 class]|lambda[3 routes],weighted Euclidean projector with reciprocal formal block upper bounds,True,False,False,False,current physical state and released information through decision week,"from-scratch reparameterised latent policy with learned entropy temperature, common projection and twin reward critics",True
Constrained SAC,True,True,34.0,y_R[10 resources]|y_V[10 resources]|v_R[10 resources]|rho[1 class]|lambda[3 routes],weighted Euclidean projector with reciprocal formal block upper bounds,True,False,False,False,current physical state and released information through decision week,"reparameterised latent policy with learned entropy temperature, common projection, twin reward critics, constraint critic and dual",True
Model-guided constrained SAC,True,True,34.0,y_R[10 resources]|y_V[10 resources]|v_R[10 resources]|rho[1 class]|lambda[3 routes],weighted Euclidean projector with reciprocal formal block upper bounds,True,False,False,False,current physical state and released information through decision week,formal common-rollout selector over BC and constrained-SAC proposals,True
Equal allocation,False,False,,authority-violating route-share prescription,not applicable,,False,False,False,excluded,excluded because it directly prescribes adaptive route shares,False
