path_id,period_offset,candidate_id,nested_formal_objective,state_sha256,teacher_action_sha256,teacher_action_0,teacher_action_1,teacher_action_2,teacher_action_3,teacher_action_4,teacher_action_5,teacher_action_6,teacher_action_7,teacher_action_8,teacher_action_9,teacher_action_10,teacher_action_11,teacher_action_12,teacher_action_13,teacher_action_14,teacher_action_15,teacher_action_16,teacher_action_17,teacher_action_18,teacher_action_19,teacher_action_20,teacher_action_21,teacher_action_22,teacher_action_23,teacher_action_24,teacher_action_25,teacher_action_26,teacher_action_27,teacher_action_28,teacher_action_29,teacher_action_30,teacher_action_31,teacher_action_32,teacher_action_33
training_000_60a9d350b650,0,zero,89.50943750000002,e9e7f4753113b72de8687b2525a4c6962f33b9932142184ca5ba11cdc4aa1831,e4d879a3407de578f579dfab4366fcea75a6649c683d9efe4f056f6505437574,0.0,0.0,0.0,0.0,0.0,0.0,0.0,0.0,0.0,0.0,0.0,0.0,0.0,0.0,0.0,0.0,0.0,0.0,0.0,0.0,0.0,0.0,0.0,0.0,0.0,0.0,0.0,0.0,0.0,0.0,0.0,0.0,0.0,0.0
training_000_60a9d350b650,1,zero,89.50943750000002,858b1ce50860df7e9d695dfd5d2a5386cbe77e1840119cccee821568e60025e9,e4d879a3407de578f579dfab4366fcea75a6649c683d9efe4f056f6505437574,0.0,0.0,0.0,0.0,0.0,0.0,0.0,0.0,0.0,0.0,0.0,0.0,0.0,0.0,0.0,0.0,0.0,0.0,0.0,0.0,0.0,0.0,0.0,0.0,0.0,0.0,0.0,0.0,0.0,0.0,0.0,0.0,0.0,0.0
training_000_60a9d350b650,2,release_full,14799.804079360736,680ce0b82578bdd8af1ef132419670d6331f05eeed4109f28ad7188aacbccc2b,83d60cee168aad3323599a6a547cf1911271e7a9eced853af0ae65cf8cd4d989,0.0,0.0,0.0,0.0,0.0,0.0,0.0,0.0,0.0,0.0,0.0,0.0,0.0,0.0,0.0,0.0,0.0,0.0,0.0,0.0,0.0,0.0,0.0,0.0,0.0,0.0,0.0,0.0,0.0,0.0,1.0,0.0,0.0,0.0
training_000_60a9d350b650,3,release_full,18422.15058836685,014760f1a258dfcde4b00f00e92ebf9dc31fc5c601b4e8a8296a48077060cd96,83d60cee168aad3323599a6a547cf1911271e7a9eced853af0ae65cf8cd4d989,0.0,0.0,0.0,0.0,0.0,0.0,0.0,0.0,0.0,0.0,0.0,0.0,0.0,0.0,0.0,0.0,0.0,0.0,0.0,0.0,0.0,0.0,0.0,0.0,0.0,0.0,0.0,0.0,0.0,0.0,1.0,0.0,0.0,0.0
training_000_60a9d350b650,4,release_full,18098.94526688102,b7c48da4fd679b6503191975ac8a2e634cc4766465817344d7889e31b287adc2,83d60cee168aad3323599a6a547cf1911271e7a9eced853af0ae65cf8cd4d989,0.0,0.0,0.0,0.0,0.0,0.0,0.0,0.0,0.0,0.0,0.0,0.0,0.0,0.0,0.0,0.0,0.0,0.0,0.0,0.0,0.0,0.0,0.0,0.0,0.0,0.0,0.0,0.0,0.0,0.0,1.0,0.0,0.0,0.0
training_000_60a9d350b650,5,release_full,19150.027869611265,1087cf836fd57bf588469468c5fe1460be9d2d50102bc51f908e2564eccafdc8,83d60cee168aad3323599a6a547cf1911271e7a9eced853af0ae65cf8cd4d989,0.0,0.0,0.0,0.0,0.0,0.0,0.0,0.0,0.0,0.0,0.0,0.0,0.0,0.0,0.0,0.0,0.0,0.0,0.0,0.0,0.0,0.0,0.0,0.0,0.0,0.0,0.0,0.0,0.0,0.0,1.0,0.0,0.0,0.0
training_000_60a9d350b650,6,release_full,20248.102290908173,4258bc91c9ac33cecf34dccb3552b5b603e0229adb55be243018a9a843af4e29,83d60cee168aad3323599a6a547cf1911271e7a9eced853af0ae65cf8cd4d989,0.0,0.0,0.0,0.0,0.0,0.0,0.0,0.0,0.0,0.0,0.0,0.0,0.0,0.0,0.0,0.0,0.0,0.0,0.0,0.0,0.0,0.0,0.0,0.0,0.0,0.0,0.0,0.0,0.0,0.0,1.0,0.0,0.0,0.0
training_000_60a9d350b650,7,release_full,18820.534727940652,6d6609c8a4fc285804e107f3b7adf996bcb74957759e17a2c5e1e80e72c1e5aa,83d60cee168aad3323599a6a547cf1911271e7a9eced853af0ae65cf8cd4d989,0.0,0.0,0.0,0.0,0.0,0.0,0.0,0.0,0.0,0.0,0.0,0.0,0.0,0.0,0.0,0.0,0.0,0.0,0.0,0.0,0.0,0.0,0.0,0.0,0.0,0.0,0.0,0.0,0.0,0.0,1.0,0.0,0.0,0.0
training_000_60a9d350b650,8,release_full,22531.487398698926,9af0e6bf58f2f566dd26f7247c4ee5b38464b54b6116356247b4ca7bd61b7bcb,83d60cee168aad3323599a6a547cf1911271e7a9eced853af0ae65cf8cd4d989,0.0,0.0,0.0,0.0,0.0,0.0,0.0,0.0,0.0,0.0,0.0,0.0,0.0,0.0,0.0,0.0,0.0,0.0,0.0,0.0,0.0,0.0,0.0,0.0,0.0,0.0,0.0,0.0,0.0,0.0,1.0,0.0,0.0,0.0
training_000_60a9d350b650,9,release_full,23378.27777157895,513a1bd175e3697aabe7aeea7b9eac252b5eceaea3b80fac3744eaaed91baaed,83d60cee168aad3323599a6a547cf1911271e7a9eced853af0ae65cf8cd4d989,0.0,0.0,0.0,0.0,0.0,0.0,0.0,0.0,0.0,0.0,0.0,0.0,0.0,0.0,0.0,0.0,0.0,0.0,0.0,0.0,0.0,0.0,0.0,0.0,0.0,0.0,0.0,0.0,0.0,0.0,1.0,0.0,0.0,0.0
training_000_60a9d350b650,10,release_full,26701.81014089048,1b096a71444dd938e1bc91dd2fdd3cd28a6118bc6d956d7d5687aa279be024cf,83d60cee168aad3323599a6a547cf1911271e7a9eced853af0ae65cf8cd4d989,0.0,0.0,0.0,0.0,0.0,0.0,0.0,0.0,0.0,0.0,0.0,0.0,0.0,0.0,0.0,0.0,0.0,0.0,0.0,0.0,0.0,0.0,0.0,0.0,0.0,0.0,0.0,0.0,0.0,0.0,1.0,0.0,0.0,0.0
training_000_60a9d350b650,11,release_full,30574.01213107228,1cb07e4542cf6bb9cb8b3ec58561679e60e94cc79e0df33e42968e0221410f9f,83d60cee168aad3323599a6a547cf1911271e7a9eced853af0ae65cf8cd4d989,0.0,0.0,0.0,0.0,0.0,0.0,0.0,0.0,0.0,0.0,0.0,0.0,0.0,0.0,0.0,0.0,0.0,0.0,0.0,0.0,0.0,0.0,0.0,0.0,0.0,0.0,0.0,0.0,0.0,0.0,1.0,0.0,0.0,0.0
training_000_60a9d350b650,12,release_full,25955.94551327208,d72195223d94e0fb2e7b4d0ea791acb6ae023bb9ce9f1dced81be560d10233f4,83d60cee168aad3323599a6a547cf1911271e7a9eced853af0ae65cf8cd4d989,0.0,0.0,0.0,0.0,0.0,0.0,0.0,0.0,0.0,0.0,0.0,0.0,0.0,0.0,0.0,0.0,0.0,0.0,0.0,0.0,0.0,0.0,0.0,0.0,0.0,0.0,0.0,0.0,0.0,0.0,1.0,0.0,0.0,0.0
training_000_60a9d350b650,13,release_full,22347.013966588118,97e8ba77c823b20bdbca746135d2d3336e86f3eaa0ad565afeb9fc785a3e1e37,83d60cee168aad3323599a6a547cf1911271e7a9eced853af0ae65cf8cd4d989,0.0,0.0,0.0,0.0,0.0,0.0,0.0,0.0,0.0,0.0,0.0,0.0,0.0,0.0,0.0,0.0,0.0,0.0,0.0,0.0,0.0,0.0,0.0,0.0,0.0,0.0,0.0,0.0,0.0,0.0,1.0,0.0,0.0,0.0
training_000_60a9d350b650,14,release_full,21443.55337416067,bc055ab253afeb2312c5992b1b925c28ea74aa8b3846d86b3f467afaa9500a03,83d60cee168aad3323599a6a547cf1911271e7a9eced853af0ae65cf8cd4d989,0.0,0.0,0.0,0.0,0.0,0.0,0.0,0.0,0.0,0.0,0.0,0.0,0.0,0.0,0.0,0.0,0.0,0.0,0.0,0.0,0.0,0.0,0.0,0.0,0.0,0.0,0.0,0.0,0.0,0.0,1.0,0.0,0.0,0.0
training_000_60a9d350b650,15,release_full,17342.139998849234,e8f857a7431b812e0cd0bc053c8265ecf3f0cc7e51ff134c9df1e46c795366e6,83d60cee168aad3323599a6a547cf1911271e7a9eced853af0ae65cf8cd4d989,0.0,0.0,0.0,0.0,0.0,0.0,0.0,0.0,0.0,0.0,0.0,0.0,0.0,0.0,0.0,0.0,0.0,0.0,0.0,0.0,0.0,0.0,0.0,0.0,0.0,0.0,0.0,0.0,0.0,0.0,1.0,0.0,0.0,0.0
training_000_60a9d350b650,16,release_full,16567.777557078953,305203958bda817868e658ced2c7c55006776bc1d190ea2ef34c0971690f8752,83d60cee168aad3323599a6a547cf1911271e7a9eced853af0ae65cf8cd4d989,0.0,0.0,0.0,0.0,0.0,0.0,0.0,0.0,0.0,0.0,0.0,0.0,0.0,0.0,0.0,0.0,0.0,0.0,0.0,0.0,0.0,0.0,0.0,0.0,0.0,0.0,0.0,0.0,0.0,0.0,1.0,0.0,0.0,0.0
training_000_60a9d350b650,17,release_full,13830.08902178468,1830b558abe11555e017716de7523cb0bcb7adbc76982228ee7ba6eb8fdd2f80,83d60cee168aad3323599a6a547cf1911271e7a9eced853af0ae65cf8cd4d989,0.0,0.0,0.0,0.0,0.0,0.0,0.0,0.0,0.0,0.0,0.0,0.0,0.0,0.0,0.0,0.0,0.0,0.0,0.0,0.0,0.0,0.0,0.0,0.0,0.0,0.0,0.0,0.0,0.0,0.0,1.0,0.0,0.0,0.0
training_000_60a9d350b650,18,release_full,11616.405764502206,87c53897eedd7695155d5ffacb7f008f8571a1409aa289a2325722d0e0e07ac4,83d60cee168aad3323599a6a547cf1911271e7a9eced853af0ae65cf8cd4d989,0.0,0.0,0.0,0.0,0.0,0.0,0.0,0.0,0.0,0.0,0.0,0.0,0.0,0.0,0.0,0.0,0.0,0.0,0.0,0.0,0.0,0.0,0.0,0.0,0.0,0.0,0.0,0.0,0.0,0.0,1.0,0.0,0.0,0.0
training_000_60a9d350b650,19,release_full,9513.420861147755,22d2436e1c7954a6e51f8ad90eb873319906d9eb3ba9995a02a94a9edea3f8be,83d60cee168aad3323599a6a547cf1911271e7a9eced853af0ae65cf8cd4d989,0.0,0.0,0.0,0.0,0.0,0.0,0.0,0.0,0.0,0.0,0.0,0.0,0.0,0.0,0.0,0.0,0.0,0.0,0.0,0.0,0.0,0.0,0.0,0.0,0.0,0.0,0.0,0.0,0.0,0.0,1.0,0.0,0.0,0.0
training_000_60a9d350b650,20,release_full,7251.909940106361,35e84e59eea816af37a39f9d0a03a16f3eb0c7312d2977c0f08e824a088dd712,83d60cee168aad3323599a6a547cf1911271e7a9eced853af0ae65cf8cd4d989,0.0,0.0,0.0,0.0,0.0,0.0,0.0,0.0,0.0,0.0,0.0,0.0,0.0,0.0,0.0,0.0,0.0,0.0,0.0,0.0,0.0,0.0,0.0,0.0,0.0,0.0,0.0,0.0,0.0,0.0,1.0,0.0,0.0,0.0
training_001_8a16fe9edafd,0,zero,189.51887500000004,3e7e80571d94a543598ed7d084174d821f7c56ea23988016e10aa547feb4d966,e4d879a3407de578f579dfab4366fcea75a6649c683d9efe4f056f6505437574,0.0,0.0,0.0,0.0,0.0,0.0,0.0,0.0,0.0,0.0,0.0,0.0,0.0,0.0,0.0,0.0,0.0,0.0,0.0,0.0,0.0,0.0,0.0,0.0,0.0,0.0,0.0,0.0,0.0,0.0,0.0,0.0,0.0,0.0
training_001_8a16fe9edafd,1,zero,189.51887500000004,9a1ff029af34639d13f11401afc0f3b4f207e4679ee985bed3b2c8b718d8bdb6,e4d879a3407de578f579dfab4366fcea75a6649c683d9efe4f056f6505437574,0.0,0.0,0.0,0.0,0.0,0.0,0.0,0.0,0.0,0.0,0.0,0.0,0.0,0.0,0.0,0.0,0.0,0.0,0.0,0.0,0.0,0.0,0.0,0.0,0.0,0.0,0.0,0.0,0.0,0.0,0.0,0.0,0.0,0.0
training_001_8a16fe9edafd,2,zero,189.51887500000004,8ec960abde00ba9d2c73c09b26a189f6371a372eeb28837d34d4b43157160023,e4d879a3407de578f579dfab4366fcea75a6649c683d9efe4f056f6505437574,0.0,0.0,0.0,0.0,0.0,0.0,0.0,0.0,0.0,0.0,0.0,0.0,0.0,0.0,0.0,0.0,0.0,0.0,0.0,0.0,0.0,0.0,0.0,0.0,0.0,0.0,0.0,0.0,0.0,0.0,0.0,0.0,0.0,0.0
training_001_8a16fe9edafd,3,zero,189.51887500000004,6cab55e5b05526224a7fb81989addca856a9d976b52e241ca727102606713a49,e4d879a3407de578f579dfab4366fcea75a6649c683d9efe4f056f6505437574,0.0,0.0,0.0,0.0,0.0,0.0,0.0,0.0,0.0,0.0,0.0,0.0,0.0,0.0,0.0,0.0,0.0,0.0,0.0,0.0,0.0,0.0,0.0,0.0,0.0,0.0,0.0,0.0,0.0,0.0,0.0,0.0,0.0,0.0
training_001_8a16fe9edafd,4,release_full,5906.444825638614,39768b9321722a986d4de46cc0f935b7c88fb2163aa1907073fd7db6049a4264,83d60cee168aad3323599a6a547cf1911271e7a9eced853af0ae65cf8cd4d989,0.0,0.0,0.0,0.0,0.0,0.0,0.0,0.0,0.0,0.0,0.0,0.0,0.0,0.0,0.0,0.0,0.0,0.0,0.0,0.0,0.0,0.0,0.0,0.0,0.0,0.0,0.0,0.0,0.0,0.0,1.0,0.0,0.0,0.0
training_001_8a16fe9edafd,5,release_full,4383.159503168369,0dc0afdd1d17ba2714b1851a2ebbedf613e211a4bffa4c211fa221e013a003ae,83d60cee168aad3323599a6a547cf1911271e7a9eced853af0ae65cf8cd4d989,0.0,0.0,0.0,0.0,0.0,0.0,0.0,0.0,0.0,0.0,0.0,0.0,0.0,0.0,0.0,0.0,0.0,0.0,0.0,0.0,0.0,0.0,0.0,0.0,0.0,0.0,0.0,0.0,0.0,0.0,1.0,0.0,0.0,0.0
training_001_8a16fe9edafd,6,release_full,5996.968276613069,dd648bd759c963bb9e439a032f1cc907fc98b787db9c8d4e92a00fe64f2aabdf,83d60cee168aad3323599a6a547cf1911271e7a9eced853af0ae65cf8cd4d989,0.0,0.0,0.0,0.0,0.0,0.0,0.0,0.0,0.0,0.0,0.0,0.0,0.0,0.0,0.0,0.0,0.0,0.0,0.0,0.0,0.0,0.0,0.0,0.0,0.0,0.0,0.0,0.0,0.0,0.0,1.0,0.0,0.0,0.0
training_001_8a16fe9edafd,7,release_full,6077.802493623651,0ad3ae84d2204e70a115cb80979c8a29f49f6765aca4f3471e18b3a5b3860329,83d60cee168aad3323599a6a547cf1911271e7a9eced853af0ae65cf8cd4d989,0.0,0.0,0.0,0.0,0.0,0.0,0.0,0.0,0.0,0.0,0.0,0.0,0.0,0.0,0.0,0.0,0.0,0.0,0.0,0.0,0.0,0.0,0.0,0.0,0.0,0.0,0.0,0.0,0.0,0.0,1.0,0.0,0.0,0.0
training_001_8a16fe9edafd,8,release_full,5879.800747415586,73dff84777a24d28a055d7fa1be3aa258ba630dc68543814db35fadd91b7af60,83d60cee168aad3323599a6a547cf1911271e7a9eced853af0ae65cf8cd4d989,0.0,0.0,0.0,0.0,0.0,0.0,0.0,0.0,0.0,0.0,0.0,0.0,0.0,0.0,0.0,0.0,0.0,0.0,0.0,0.0,0.0,0.0,0.0,0.0,0.0,0.0,0.0,0.0,0.0,0.0,1.0,0.0,0.0,0.0
training_001_8a16fe9edafd,9,release_full,5618.594015841041,03d9729d069d0bf899a8d8230323badffe1c5213fceb9b12bab0779e16d4495f,83d60cee168aad3323599a6a547cf1911271e7a9eced853af0ae65cf8cd4d989,0.0,0.0,0.0,0.0,0.0,0.0,0.0,0.0,0.0,0.0,0.0,0.0,0.0,0.0,0.0,0.0,0.0,0.0,0.0,0.0,0.0,0.0,0.0,0.0,0.0,0.0,0.0,0.0,0.0,0.0,1.0,0.0,0.0,0.0
training_001_8a16fe9edafd,10,release_full,6564.076999590902,c209155a84948d6ef7d100fc5a8a9f48be3e19b3aa63fe4fa583814f85c9cde9,83d60cee168aad3323599a6a547cf1911271e7a9eced853af0ae65cf8cd4d989,0.0,0.0,0.0,0.0,0.0,0.0,0.0,0.0,0.0,0.0,0.0,0.0,0.0,0.0,0.0,0.0,0.0,0.0,0.0,0.0,0.0,0.0,0.0,0.0,0.0,0.0,0.0,0.0,0.0,0.0,1.0,0.0,0.0,0.0
training_001_8a16fe9edafd,11,release_full,6030.406397778767,4a9e4bf11fa665d4c8aa0c779c34094ddd71ee4f38fd420768a7662de71afff7,83d60cee168aad3323599a6a547cf1911271e7a9eced853af0ae65cf8cd4d989,0.0,0.0,0.0,0.0,0.0,0.0,0.0,0.0,0.0,0.0,0.0,0.0,0.0,0.0,0.0,0.0,0.0,0.0,0.0,0.0,0.0,0.0,0.0,0.0,0.0,0.0,0.0,0.0,0.0,0.0,1.0,0.0,0.0,0.0
training_001_8a16fe9edafd,12,release_full,6830.13936532861,9b5a1ce1a75619702bb184d89acf030eaa4fb616ad6c461d4a993184330bd7a5,83d60cee168aad3323599a6a547cf1911271e7a9eced853af0ae65cf8cd4d989,0.0,0.0,0.0,0.0,0.0,0.0,0.0,0.0,0.0,0.0,0.0,0.0,0.0,0.0,0.0,0.0,0.0,0.0,0.0,0.0,0.0,0.0,0.0,0.0,0.0,0.0,0.0,0.0,0.0,0.0,1.0,0.0,0.0,0.0
training_001_8a16fe9edafd,13,release_full,6741.501160321581,db60da5fedf7f3e393996e89d287acdae4dfc7bd5ccc3e35d7227fc510d8ff01,83d60cee168aad3323599a6a547cf1911271e7a9eced853af0ae65cf8cd4d989,0.0,0.0,0.0,0.0,0.0,0.0,0.0,0.0,0.0,0.0,0.0,0.0,0.0,0.0,0.0,0.0,0.0,0.0,0.0,0.0,0.0,0.0,0.0,0.0,0.0,0.0,0.0,0.0,0.0,0.0,1.0,0.0,0.0,0.0
training_001_8a16fe9edafd,14,release_full,6280.754075518472,6969418596af85cbf0125056fe2494737867d9ea5bdf016503e11106d2d2aeaf,83d60cee168aad3323599a6a547cf1911271e7a9eced853af0ae65cf8cd4d989,0.0,0.0,0.0,0.0,0.0,0.0,0.0,0.0,0.0,0.0,0.0,0.0,0.0,0.0,0.0,0.0,0.0,0.0,0.0,0.0,0.0,0.0,0.0,0.0,0.0,0.0,0.0,0.0,0.0,0.0,1.0,0.0,0.0,0.0
training_001_8a16fe9edafd,15,release_full,6695.06640285942,9b785a470e6f31f9d0f07c4607d522360a39857117f9ec4625035c7515459818,83d60cee168aad3323599a6a547cf1911271e7a9eced853af0ae65cf8cd4d989,0.0,0.0,0.0,0.0,0.0,0.0,0.0,0.0,0.0,0.0,0.0,0.0,0.0,0.0,0.0,0.0,0.0,0.0,0.0,0.0,0.0,0.0,0.0,0.0,0.0,0.0,0.0,0.0,0.0,0.0,1.0,0.0,0.0,0.0
training_001_8a16fe9edafd,16,release_full,6668.174487856137,d3c4d9e9eae440ea25cd5bda73024aa3b4f841b345b7110398e1837564df70d6,83d60cee168aad3323599a6a547cf1911271e7a9eced853af0ae65cf8cd4d989,0.0,0.0,0.0,0.0,0.0,0.0,0.0,0.0,0.0,0.0,0.0,0.0,0.0,0.0,0.0,0.0,0.0,0.0,0.0,0.0,0.0,0.0,0.0,0.0,0.0,0.0,0.0,0.0,0.0,0.0,1.0,0.0,0.0,0.0
training_001_8a16fe9edafd,17,release_full,6985.2398365482895,866cd8e51c31d947a941808afb8749045720532730ec602812509835d2a5355f,83d60cee168aad3323599a6a547cf1911271e7a9eced853af0ae65cf8cd4d989,0.0,0.0,0.0,0.0,0.0,0.0,0.0,0.0,0.0,0.0,0.0,0.0,0.0,0.0,0.0,0.0,0.0,0.0,0.0,0.0,0.0,0.0,0.0,0.0,0.0,0.0,0.0,0.0,0.0,0.0,1.0,0.0,0.0,0.0
training_001_8a16fe9edafd,18,release_full,8278.207143478552,24fccd57c1bf9f482a14253356547cf035744ee55c9e0ea945966b1688afe07d,83d60cee168aad3323599a6a547cf1911271e7a9eced853af0ae65cf8cd4d989,0.0,0.0,0.0,0.0,0.0,0.0,0.0,0.0,0.0,0.0,0.0,0.0,0.0,0.0,0.0,0.0,0.0,0.0,0.0,0.0,0.0,0.0,0.0,0.0,0.0,0.0,0.0,0.0,0.0,0.0,1.0,0.0,0.0,0.0
training_001_8a16fe9edafd,19,release_full,5450.345130321968,a806fdcb5a093c0eb7c21364f58090cf9e2d8db27295992efb12696fef9ea7fc,83d60cee168aad3323599a6a547cf1911271e7a9eced853af0ae65cf8cd4d989,0.0,0.0,0.0,0.0,0.0,0.0,0.0,0.0,0.0,0.0,0.0,0.0,0.0,0.0,0.0,0.0,0.0,0.0,0.0,0.0,0.0,0.0,0.0,0.0,0.0,0.0,0.0,0.0,0.0,0.0,1.0,0.0,0.0,0.0
training_001_8a16fe9edafd,20,release_full,3697.5088560261393,48e48a5807fd7090eaa85baf826323b67c6111d33e7bf909265c35b04edcc6dd,83d60cee168aad3323599a6a547cf1911271e7a9eced853af0ae65cf8cd4d989,0.0,0.0,0.0,0.0,0.0,0.0,0.0,0.0,0.0,0.0,0.0,0.0,0.0,0.0,0.0,0.0,0.0,0.0,0.0,0.0,0.0,0.0,0.0,0.0,0.0,0.0,0.0,0.0,0.0,0.0,1.0,0.0,0.0,0.0
training_002_7ec3e8f1af07,0,zero,289.52831249999997,5bac43878fde5e28d8516ea4406041f4dbad080df822ad64bf897a6c8842911c,e4d879a3407de578f579dfab4366fcea75a6649c683d9efe4f056f6505437574,0.0,0.0,0.0,0.0,0.0,0.0,0.0,0.0,0.0,0.0,0.0,0.0,0.0,0.0,0.0,0.0,0.0,0.0,0.0,0.0,0.0,0.0,0.0,0.0,0.0,0.0,0.0,0.0,0.0,0.0,0.0,0.0,0.0,0.0
training_002_7ec3e8f1af07,1,zero,289.52831249999997,85fcb8d67d304669250f36e2b67677012b5ae7a73da55c984ada024aa20d9d1a,e4d879a3407de578f579dfab4366fcea75a6649c683d9efe4f056f6505437574,0.0,0.0,0.0,0.0,0.0,0.0,0.0,0.0,0.0,0.0,0.0,0.0,0.0,0.0,0.0,0.0,0.0,0.0,0.0,0.0,0.0,0.0,0.0,0.0,0.0,0.0,0.0,0.0,0.0,0.0,0.0,0.0,0.0,0.0
training_002_7ec3e8f1af07,2,zero,289.52831249999997,273dfdcf9228401f9cbb7752aa8bb7dd500672482994bd35e252269c4099a384,e4d879a3407de578f579dfab4366fcea75a6649c683d9efe4f056f6505437574,0.0,0.0,0.0,0.0,0.0,0.0,0.0,0.0,0.0,0.0,0.0,0.0,0.0,0.0,0.0,0.0,0.0,0.0,0.0,0.0,0.0,0.0,0.0,0.0,0.0,0.0,0.0,0.0,0.0,0.0,0.0,0.0,0.0,0.0
training_002_7ec3e8f1af07,3,zero,289.52831249999997,7b797ca0d03141587cfc2670ccda3f42e5ef1c8b8cd99a93d9bf2cb6dce31550,e4d879a3407de578f579dfab4366fcea75a6649c683d9efe4f056f6505437574,0.0,0.0,0.0,0.0,0.0,0.0,0.0,0.0,0.0,0.0,0.0,0.0,0.0,0.0,0.0,0.0,0.0,0.0,0.0,0.0,0.0,0.0,0.0,0.0,0.0,0.0,0.0,0.0,0.0,0.0,0.0,0.0,0.0,0.0
training_002_7ec3e8f1af07,4,zero,289.52831249999997,a21d1540bac52636b953ca59f218e397a181116ee1e67c7775fac694f49bf956,e4d879a3407de578f579dfab4366fcea75a6649c683d9efe4f056f6505437574,0.0,0.0,0.0,0.0,0.0,0.0,0.0,0.0,0.0,0.0,0.0,0.0,0.0,0.0,0.0,0.0,0.0,0.0,0.0,0.0,0.0,0.0,0.0,0.0,0.0,0.0,0.0,0.0,0.0,0.0,0.0,0.0,0.0,0.0
training_002_7ec3e8f1af07,5,zero,289.52831249999997,aa1ec7620f3668676a2f4d1f9dfa89ab9fe4bc50dfca2e9cdb9816b4839daa9d,e4d879a3407de578f579dfab4366fcea75a6649c683d9efe4f056f6505437574,0.0,0.0,0.0,0.0,0.0,0.0,0.0,0.0,0.0,0.0,0.0,0.0,0.0,0.0,0.0,0.0,0.0,0.0,0.0,0.0,0.0,0.0,0.0,0.0,0.0,0.0,0.0,0.0,0.0,0.0,0.0,0.0,0.0,0.0
training_002_7ec3e8f1af07,6,release_full,15462.750686995663,fdccc108c5c563f5ed5e507454a0bef6a25c42cc74fcb6f87cbef6e99d501d37,83d60cee168aad3323599a6a547cf1911271e7a9eced853af0ae65cf8cd4d989,0.0,0.0,0.0,0.0,0.0,0.0,0.0,0.0,0.0,0.0,0.0,0.0,0.0,0.0,0.0,0.0,0.0,0.0,0.0,0.0,0.0,0.0,0.0,0.0,0.0,0.0,0.0,0.0,0.0,0.0,1.0,0.0,0.0,0.0
training_002_7ec3e8f1af07,7,release_full,19643.95318807201,9e744692f9861ade1fe7f9ed9aad30d30a7025b852763fe6e23aceae84891bf2,83d60cee168aad3323599a6a547cf1911271e7a9eced853af0ae65cf8cd4d989,0.0,0.0,0.0,0.0,0.0,0.0,0.0,0.0,0.0,0.0,0.0,0.0,0.0,0.0,0.0,0.0,0.0,0.0,0.0,0.0,0.0,0.0,0.0,0.0,0.0,0.0,0.0,0.0,0.0,0.0,1.0,0.0,0.0,0.0
training_002_7ec3e8f1af07,8,release_full,20646.75760811539,9e7b398fababe957fa20f20d356af18611d114a9598946aac3e511c4d64a2358,83d60cee168aad3323599a6a547cf1911271e7a9eced853af0ae65cf8cd4d989,0.0,0.0,0.0,0.0,0.0,0.0,0.0,0.0,0.0,0.0,0.0,0.0,0.0,0.0,0.0,0.0,0.0,0.0,0.0,0.0,0.0,0.0,0.0,0.0,0.0,0.0,0.0,0.0,0.0,0.0,1.0,0.0,0.0,0.0
training_002_7ec3e8f1af07,9,release_full,19537.71719979673,4c0f728f3a6bb60922e414a99ef6e5d5025f6b82a32c8aeada33e0f1df4bccfe,83d60cee168aad3323599a6a547cf1911271e7a9eced853af0ae65cf8cd4d989,0.0,0.0,0.0,0.0,0.0,0.0,0.0,0.0,0.0,0.0,0.0,0.0,0.0,0.0,0.0,0.0,0.0,0.0,0.0,0.0,0.0,0.0,0.0,0.0,0.0,0.0,0.0,0.0,0.0,0.0,1.0,0.0,0.0,0.0
training_002_7ec3e8f1af07,10,release_full,21408.01152876803,fe792ac82e760ee3c0b3112ef4a75d1f4895f4f9f808e79cd84d70d9b41fa384,83d60cee168aad3323599a6a547cf1911271e7a9eced853af0ae65cf8cd4d989,0.0,0.0,0.0,0.0,0.0,0.0,0.0,0.0,0.0,0.0,0.0,0.0,0.0,0.0,0.0,0.0,0.0,0.0,0.0,0.0,0.0,0.0,0.0,0.0,0.0,0.0,0.0,0.0,0.0,0.0,1.0,0.0,0.0,0.0
training_002_7ec3e8f1af07,11,release_full,20638.248067992532,0b34a7d9ce83cc90f05a3a89b0b5e5b156e96b45993b9d44a8d0e39b7f6af9b2,83d60cee168aad3323599a6a547cf1911271e7a9eced853af0ae65cf8cd4d989,0.0,0.0,0.0,0.0,0.0,0.0,0.0,0.0,0.0,0.0,0.0,0.0,0.0,0.0,0.0,0.0,0.0,0.0,0.0,0.0,0.0,0.0,0.0,0.0,0.0,0.0,0.0,0.0,0.0,0.0,1.0,0.0,0.0,0.0
training_002_7ec3e8f1af07,12,release_full,20424.709308508143,4964cbb15ca1d3785278f11135061c043fd1d188302294d4e7175739046804bd,83d60cee168aad3323599a6a547cf1911271e7a9eced853af0ae65cf8cd4d989,0.0,0.0,0.0,0.0,0.0,0.0,0.0,0.0,0.0,0.0,0.0,0.0,0.0,0.0,0.0,0.0,0.0,0.0,0.0,0.0,0.0,0.0,0.0,0.0,0.0,0.0,0.0,0.0,0.0,0.0,1.0,0.0,0.0,0.0
training_002_7ec3e8f1af07,13,release_full,20382.064293373012,e635935a2272c7bdc54bb8819a058163ac1ec4d97eed4ff0b775ac00753a271c,83d60cee168aad3323599a6a547cf1911271e7a9eced853af0ae65cf8cd4d989,0.0,0.0,0.0,0.0,0.0,0.0,0.0,0.0,0.0,0.0,0.0,0.0,0.0,0.0,0.0,0.0,0.0,0.0,0.0,0.0,0.0,0.0,0.0,0.0,0.0,0.0,0.0,0.0,0.0,0.0,1.0,0.0,0.0,0.0
training_002_7ec3e8f1af07,14,release_full,28612.20812527281,a097bebe580d3dee51fd88e17f05b352a96d265ca6e93d3c468a477004aa78ef,83d60cee168aad3323599a6a547cf1911271e7a9eced853af0ae65cf8cd4d989,0.0,0.0,0.0,0.0,0.0,0.0,0.0,0.0,0.0,0.0,0.0,0.0,0.0,0.0,0.0,0.0,0.0,0.0,0.0,0.0,0.0,0.0,0.0,0.0,0.0,0.0,0.0,0.0,0.0,0.0,1.0,0.0,0.0,0.0
training_002_7ec3e8f1af07,15,release_full,24429.35885431401,aaa9329a629ad4a59213e477cf7d15cd47e10737182d466d28efbee8df768c01,83d60cee168aad3323599a6a547cf1911271e7a9eced853af0ae65cf8cd4d989,0.0,0.0,0.0,0.0,0.0,0.0,0.0,0.0,0.0,0.0,0.0,0.0,0.0,0.0,0.0,0.0,0.0,0.0,0.0,0.0,0.0,0.0,0.0,0.0,0.0,0.0,0.0,0.0,0.0,0.0,1.0,0.0,0.0,0.0
training_002_7ec3e8f1af07,16,release_full,24505.723498943848,824269a1da3b2c7bec37c13260cbb21e3ea60f6f1b02ef58fe267698ee12128c,83d60cee168aad3323599a6a547cf1911271e7a9eced853af0ae65cf8cd4d989,0.0,0.0,0.0,0.0,0.0,0.0,0.0,0.0,0.0,0.0,0.0,0.0,0.0,0.0,0.0,0.0,0.0,0.0,0.0,0.0,0.0,0.0,0.0,0.0,0.0,0.0,0.0,0.0,0.0,0.0,1.0,0.0,0.0,0.0
training_002_7ec3e8f1af07,17,release_full,18495.299050434307,a89118a1a3928c9842a9b4b7a19fcf3d4587099c16bd4db963dcea93f9f4d30c,83d60cee168aad3323599a6a547cf1911271e7a9eced853af0ae65cf8cd4d989,0.0,0.0,0.0,0.0,0.0,0.0,0.0,0.0,0.0,0.0,0.0,0.0,0.0,0.0,0.0,0.0,0.0,0.0,0.0,0.0,0.0,0.0,0.0,0.0,0.0,0.0,0.0,0.0,0.0,0.0,1.0,0.0,0.0,0.0
training_002_7ec3e8f1af07,18,release_full,16278.078735599214,b20a0c844907535b084911bd41a862f56dbdde7fd8e869128dda7e62f79d4393,83d60cee168aad3323599a6a547cf1911271e7a9eced853af0ae65cf8cd4d989,0.0,0.0,0.0,0.0,0.0,0.0,0.0,0.0,0.0,0.0,0.0,0.0,0.0,0.0,0.0,0.0,0.0,0.0,0.0,0.0,0.0,0.0,0.0,0.0,0.0,0.0,0.0,0.0,0.0,0.0,1.0,0.0,0.0,0.0
training_002_7ec3e8f1af07,19,release_full,29593.073720279146,162b7f4fb034af438cda38c42acbd9b6b295eb2709b4cd195bd6340f7e311a0e,83d60cee168aad3323599a6a547cf1911271e7a9eced853af0ae65cf8cd4d989,0.0,0.0,0.0,0.0,0.0,0.0,0.0,0.0,0.0,0.0,0.0,0.0,0.0,0.0,0.0,0.0,0.0,0.0,0.0,0.0,0.0,0.0,0.0,0.0,0.0,0.0,0.0,0.0,0.0,0.0,1.0,0.0,0.0,0.0
training_002_7ec3e8f1af07,20,release_full,25160.756798822895,da81d570b23c3692b2dde56bde2792a7619a93b6612267528f30063f5bd6357b,83d60cee168aad3323599a6a547cf1911271e7a9eced853af0ae65cf8cd4d989,0.0,0.0,0.0,0.0,0.0,0.0,0.0,0.0,0.0,0.0,0.0,0.0,0.0,0.0,0.0,0.0,0.0,0.0,0.0,0.0,0.0,0.0,0.0,0.0,0.0,0.0,0.0,0.0,0.0,0.0,1.0,0.0,0.0,0.0
