chi,policy,mean_total_operational_objective,mean_loss_queue,mean_loss_waiting,mean_loss_exit,mean_loss_overflow,mean_loss_route_resource,mean_loss_action,mean_terminal_correction,mean_direct_sue_exit,mean_duration_attrition,mean_waiting_exposure,mean_committed_delivery,mean_adaptive_delivery,mean_committed_delivery_share,mean_terminal_committed_outstanding,mean_terminal_committed_outstanding_share,mean_ending_outstanding_mass
0.0,Behaviour cloning,208770.29494427622,5148.994438658083,192902.14743488134,7717.5697193531705,707.2710131820465,1126.5971948709762,1167.7151433306367,0.0,0.0006954977750007304,367.50262447142364,15200.823076763425,0.0,1333.0843754444688,,0.0,,6.079135871758482e-07
0.0,Model-guided constrained SAC,209181.2298975067,5182.407985533883,193393.59881201398,7735.144676904026,714.5954212433546,1132.298442999971,1023.1845588114894,0.0,0.0007135647387379034,368.3395091449768,15245.764159968247,0.0,1332.2474727054896,,0.0,,6.063762463310721e-07
0.0,Passive,356310.2387857581,3757.5423380368793,337145.0307505284,14415.246984079673,296.3309215841681,696.0877915289831,0.0,0.0,0.0002525888203247466,686.4400799864022,20031.915675777484,0.0,1014.1473627536438,,0.0,,6.927149760113797e-07
0.0,Projected stochastic MPC,154269.00630816125,6057.242169018826,139938.6020395716,5664.910877674039,1091.4045313363265,1390.482804196835,126.36388636363637,0.0,0.0011984162823308068,269.75646242533855,11395.70792811273,0.0,1430.8300345754596,,0.0,,6.045008364927681e-07
0.0,Reactive,132583.6064336937,15364.26690504034,100784.56971451013,4013.3368053798167,10326.540997431046,1225.2805157238834,494.4268038087328,375.18469179973926,0.00043496077995293977,191.11084148587798,9075.31304465197,0.0,1491.6104818701745,,0.0,,17.865937704749506
0.125,Behaviour cloning,191134.1158817186,5439.299004981028,175482.4767768543,7028.380661933142,856.3106536202864,1163.2296192385365,1164.41916509133,0.0,0.0006590729026526098,334.68413435248505,13810.083934063972,212.57346200269765,1153.3294398510282,1.0,9.59282864387642e-15,4.509146973035575e-17,7.424678241210782e-07
0.125,Model-guided constrained SAC,191532.7851742955,5485.843683035454,175956.39517488418,7043.525929292198,880.986519889576,1170.5295466040611,995.5043205900348,0.0,0.0006806113803369787,335.4053160215815,13858.900667821807,212.57346200269765,1152.608236642621,1.0,9.144617234205433e-15,4.293741863407465e-17,7.433006746746634e-07
0.125,Passive,344616.2681890775,3971.0324083892124,325594.1482226504,13921.367221512197,416.9842163124025,712.7361202132942,0.0,0.0,0.00020396466928321704,662.9220446787687,19345.604790018442,212.57346200269765,825.0919846626366,1.0,8.013636862403125e-15,3.7712546903685994e-17,7.128091266392699e-07
0.125,Projected stochastic MPC,145905.67871541248,6331.042053427021,131363.47377400912,5317.82762999357,1304.2976518881285,1391.5940336514618,197.4435724431818,0.0,0.001060691036355158,253.22882645151458,10593.060631077393,212.57346200269765,1234.7843461355974,1.0,9.836234155460967e-15,4.635061211491256e-17,7.407352507955106e-07
0.125,Reactive,124439.5433514886,5899.239026889481,111218.45923940498,4464.579473029365,990.7010767747589,1325.218832469436,541.3457029205503,0.0,0.0005466332463468943,212.5984758919615,9456.887671059983,212.57346200269765,1275.4152107138443,1.0,8.20573790705811e-15,3.854950848314e-17,7.798313642317358e-07
0.25,Behaviour cloning,165228.44394547146,6107.048451818745,149449.93041927106,5980.449885942026,1318.5150026647668,1216.9479677135673,1155.552218061293,0.0,0.0006153056288310818,284.78271259637245,11871.192798193999,425.1469240053953,990.6574432953753,1.0,1.904596320306533e-14,4.4836587519515805e-17,8.188093819795353e-07
0.25,Model-guided constrained SAC,165657.84306353022,6149.922398001306,149965.61121021595,5996.79441282244,1351.447720670846,1224.9703783045502,969.0969435151408,0.0,0.000636427295683005,285.5610022785348,11922.671853445458,425.1469240053953,989.8791324909379,1.0,2.0148489630146858e-14,4.737489879904104e-17,8.194175921252263e-07
0.25,Passive,328456.3535828408,4491.612172092041,309217.5598484962,13221.155617398757,794.0672798645016,731.9586649893307,0.0,0.0,0.00014983506174961732,629.5786890886886,18372.56824094937,425.1469240053953,645.8619323626067,1.0,1.743482449636816e-14,4.100076553227754e-17,7.29828934680667e-07
0.25,Projected stochastic MPC,134595.96274280827,6971.476040807655,119388.07008064455,4830.111586067219,1839.124806466361,1390.7973041065743,176.3829247159091,0.0,0.0008928804147063432,230.00442074183383,9563.189365325527,425.1469240053953,1045.435457578574,1.0,2.030694460790448e-14,4.7717401551700495e-17,8.153635830497291e-07
0.25,Reactive,119434.10740406212,6220.147646887614,105816.12310934313,4254.773306621954,1274.1588148444055,1307.555395400587,561.3491309644398,0.0,0.0004806750512651591,202.60777202123228,8823.109091430591,425.1469240053953,1072.8325185188462,1.0,1.9021889861729708e-14,4.4815052987763986e-17,8.010560064588538e-07
0.375,Behaviour cloning,138884.15768534594,7152.092550396636,122281.96796482104,4888.18081195035,2149.3200797980912,1271.1408321895276,1141.4554461902703,0.0,0.0005582782410229102,232.76995657653754,9810.621285917985,637.720386008093,830.0967944441537,1.0,3.089438434241436e-14,4.829245297612877e-17,7.145559602704663e-07
0.375,Model-guided constrained SAC,139326.8539030083,7183.565249051575,122840.53112811399,4905.981681642616,2179.6560029112757,1280.175728378971,936.9441129099043,0.0,0.0005779266771212072,233.61759738963795,9864.926449206503,637.7203860080929,829.249133982183,1.0,3.3450483218969536e-14,5.226046755078748e-17,7.14990114983283e-07
0.375,Passive,309152.5783859444,5389.034264206242,289137.29659668286,12362.58688407893,1504.2478475548871,759.4127934215091,0.0,0.0,0.00010266159027282114,588.6945108659778,17179.472975064404,637.720386008093,474.1726957503879,1.0,3.361384891036361e-14,5.2704514817286785e-17,7.355323569300127e-07
0.375,Projected stochastic MPC,122204.0211334831,7978.651876150721,105773.33656467783,4276.164614127559,2722.94391687525,1392.3747994358353,60.5493622159091,0.0,0.0007454344056058728,203.626140952621,8413.138820967515,637.720386008093,859.2404229296794,1.0,3.5699819053839103e-14,5.606428208260207e-17,6.967822050269096e-07
0.375,Reactive,110816.91111338184,6922.356662090201,96254.33188757123,3869.643904468254,1894.9262291203688,1297.5199532598044,578.132476871976,0.0,0.00040741357220433185,184.2683499420589,7927.476931690983,637.720386008093,878.5985519692854,1.0,2.97773397021586e-14,4.654137026408437e-17,6.885718991809197e-07
0.5,Behaviour cloning,115923.55084546474,8541.485876680683,97704.27006127755,3904.061995535779,3339.7403801876762,1311.7667720995219,1122.2257596835211,0.0,0.0004769808748679371,185.90723709225745,7867.594403146269,850.2938480107906,664.3861333631377,1.0,5.5713202219075566e-14,6.537092890323282e-17,5.745206716561164e-07
0.5,Model-guided constrained SAC,116385.41313409916,8565.91154756799,98310.90022217411,3923.957072058981,3361.6219841155803,1322.351812696051,900.6704954864589,0.0,0.0004947253890465073,186.85460394408622,7924.8157514515015,850.2938480107906,663.4387487664218,1.0,5.3300084818339174e-14,6.251763854027155e-17,5.748935455092681e-07
0.5,Passive,286516.5297538498,6681.268792383173,265139.2673117634,11336.507230223051,2558.0915476399964,801.3948718400522,0.0,0.0,6.533591559174184e-05,539.8336122937535,15753.598484605494,850.2938480107906,310.4601696545638,1.0,4.884708483658558e-14,5.750154503469556e-17,7.265577439788286e-07
0.5,Projected stochastic MPC,109237.9110245774,9360.303033600245,90843.24141196345,3670.409719593381,3972.252502091843,1391.704357328497,0.0,0.0,0.0005944221953608921,174.78082079653709,7161.059380700965,850.2938480107906,675.5124322286837,1.0,4.989604058208192e-14,5.846179764818194e-17,5.633746080085513e-07
0.5,Reactive,100056.0096607477,7960.34613563563,83989.71763117239,3372.6540023444004,2834.4273645071053,1299.0039838851974,599.860543202984,0.0,0.0003365876734003534,160.60223495253615,6849.1900150694655,850.2938480107906,689.6912759093251,1.0,4.504567761939847e-14,5.30230378811376e-17,5.612559916964987e-07
0.625,Behaviour cloning,95984.94697321566,10320.482492921408,75297.19704912066,3008.6397508196537,4928.697504127033,1329.5855419636966,1100.3446342632114,0.0,0.0003684335710322841,143.26819112926967,6041.203035680394,1062.8673100134883,494.4518257645481,1.0,6.811181639370966e-14,6.38092593160211e-17,6.807041172989439e-07
0.625,Model-guided constrained SAC,96406.20670461157,10362.086101951734,75856.32532438422,3026.9512739328466,4959.841290640725,1340.54441438069,860.4582993213739,0.0,0.0003819048928543678,144.14015494905223,6094.503315709563,1062.8673100134883,493.5798484729516,1.0,6.939689861623353e-14,6.517298490802552e-17,6.811962736239786e-07
0.625,Passive,257763.89930297603,8515.467788775159,234273.88120827515,10016.801562857181,4096.701896459045,861.0468466095026,0.0,0.0,3.604431990396635e-05,476.9905145679268,13919.690951509132,1062.8673100134883,160.72983469334616,1.0,6.415630501865299e-14,6.032085943142718e-17,7.02500106912161e-07
0.625,Projected stochastic MPC,94429.0956456539,11200.584496263933,73237.93701996462,2956.2855275584766,5656.053976597145,1378.234625269734,0.0,0.0,0.00043031255173898525,140.77507099975665,5724.225856195736,1062.8673100134883,496.9448839817597,1.0,6.973358226874696e-14,6.572842390956991e-17,7.140248254834586e-07
0.625,Reactive,87439.33727159709,9366.649649740317,69240.24775128452,2775.9900352655172,4128.916472648843,1302.1522787900535,625.3810838678463,0.0,0.00026441131354792497,132.1897372679968,5588.253816848474,1062.8673100134883,505.5303836198716,1.0,6.414685110425503e-14,6.032661826606914e-17,7.089110801989532e-07
0.75,Behaviour cloning,76732.87459614867,12605.78469065291,52622.49449428113,2100.941258804011,7009.990060257851,1317.5020319124285,1076.1620602403482,0.0,0.0002403581142105095,100.04458148969583,4195.545516537244,1275.440772016186,325.1021017244233,1.0,9.588586572587666e-14,7.532387405867486e-17,4.3316201139276376e-07
0.75,Model-guided constrained SAC,77026.24772604233,12703.990546145942,52985.962372050526,2111.497159904795,7086.600183949978,1326.7514997499923,811.445964241097,0.0,0.00024832101025840797,100.54723548397997,4235.540481361418,1275.440772016186,324.5994397638528,1.0,1.009914339305355e-13,7.894460720868863e-17,4.3655225998392323e-07
0.75,Passive,207024.5234794221,11342.388474772522,180542.88150789734,7719.435613855024,6483.380087999759,936.4377948974394,0.0,0.0,1.2243202330738572e-05,367.59215984513213,10727.192894027736,1275.440772016186,57.5547515933247,1.0,1.0457533610431524e-13,8.206004745226905e-17,3.237361385854341e-07
0.75,Projected stochastic MPC,76868.98806122558,13630.23673803486,51919.450274972354,2091.5214373859308,7888.276430080195,1339.5031807522475,0.0,0.0,0.00026225950041837843,99.59599666363914,4038.0316670713846,1275.440772016186,325.5506648330103,1.0,1.143255905033442e-13,8.953382534991867e-17,2.4924549391341174e-07
0.75,Reactive,72549.5173163051,11228.87753412201,51463.852789049946,2058.352670058466,5852.2334113401885,1289.8769795748237,656.3239321596637,0.0,0.0001830334435041193,98.01661077886442,4106.071491661955,1275.440772016186,327.1301295548683,1.0,9.836512917325214e-14,7.686493021577705e-17,6.382191120776105e-07
0.875,Behaviour cloning,56287.01351808982,15553.362781967544,27590.75775578655,1098.4601365639598,9721.413748273913,1272.0583340164815,1050.96076148137,0.0,0.00011114768715643256,52.3075144029776,2193.2923680035483,1488.0142340188836,160.26583645194935,1.0,1.4580906777854e-13,9.801581868379096e-17,8.355751931385303e-11
0.875,Model-guided constrained SAC,56479.21715672978,15733.750988442474,27717.080096222777,1101.032538035292,9872.28388946118,1277.2423910757054,777.8272534923417,0.0,0.00011416165276917577,52.43000669717066,2211.6792330888484,1488.0142340188836,160.14334114379636,1.0,1.420797169475966e-13,9.50031313120008e-17,7.78552125699501e-11
0.875,Passive,126324.73317815945,15431.364295862404,95823.4108449428,4097.102181278773,9919.97858114612,1052.8627279896302,0.0,0.014546939697861512,1.975697243270513e-06,195.10010189472052,5693.474055093003,1488.013546032955,17.47335340676605,0.9999995831500723,0.0006879859286426001,4.168499277417176e-07,0.000692711442383273
0.875,Projected stochastic MPC,57052.68837887339,16719.954710376074,27221.045897962842,1092.7554571727162,10743.104629238536,1275.4877220982337,0.0,0.33996202498238587,0.00011333256190317136,52.03586081851983,2116.1625173658167,1487.9982541719983,160.53727903063563,0.9999903178281095,0.015979846885506955,9.682171890621597e-06,0.016188667865701035
0.875,Reactive,54543.8683616786,13649.89249792759,29673.936631339267,1181.9046430148564,8094.66658039197,1250.7908939004274,692.6771151044832,0.0,9.140982335022068e-05,56.28108206707457,2333.4921600237167,1488.0142340188836,156.292288521548,1.0,1.2407187987922152e-13,8.34353113453491e-17,4.251736664368519e-09
1.0,Behaviour cloning,34368.27515116729,18886.53209829825,0.0,0.0,12848.17233179961,1194.4604055389677,1367.6507746927166,71.4595408377425,0.0,0.0,0.0,1697.1848607435938,0.0,0.9980784224125118,3.4028352779877533,0.0019215775874884254,3.4028352779877378
1.0,Model-guided constrained SAC,35567.23618912077,20003.390460246355,0.0,0.0,13835.630701943774,1194.4604055389677,436.43816495336773,97.3164564383096,0.0,0.0,0.0,1695.9535790483287,0.0,0.9973682918331653,4.634116973252855,0.002631708166835096,4.634116973252838
1.0,Passive,35913.05743866454,20416.600714598262,0.0,0.0,14194.141180942415,1194.4604055389677,0.0,107.85513758489564,0.0,0.0,0.0,1695.4517370889678,0.0,0.9970785328864575,5.135958932614099,0.002921467113542907,5.135958932614078
1.0,Projected stochastic MPC,31502.680198243474,16196.10372109245,0.0,0.0,10500.214897493861,1194.4604055389677,3598.4543039772734,13.446870140921039,0.0,0.0,0.0,1699.9473688720143,0.0,0.9996483610810091,0.6403271495676847,0.0003516389189913864,0.6403271495676686
1.0,Reactive,29774.521624683166,16805.748441948588,0.0,0.0,11014.574244885998,1194.4604055389677,738.8342304983549,20.904301811254523,0.0,0.0,0.0,1699.5922530781886,0.0,0.9994502682021973,0.9954429433930959,0.0005497317978032311,0.9954429433930726
