path_id,selected_policy_loss,bc_policy_loss,sac_policy_loss,selector_ex_post_regret,interpretation_boundary
test_000_4ae657b9eeec,118425.61582376699,117878.55670256354,294010.75062749704,547.0591212034487,path-level ex-post regret relative only to the two frozen candidate policies; not global optimality
test_001_dde9993de777,122518.62327012552,121992.38231084752,283895.36328080244,526.2409592780023,path-level ex-post regret relative only to the two frozen candidate policies; not global optimality
test_002_f01217ab0e79,107573.45181541804,107053.93232488923,282174.07573406625,519.5194905288081,path-level ex-post regret relative only to the two frozen candidate policies; not global optimality
test_003_eb3106001035,116834.01336873871,116284.1303892667,289123.8141054208,549.8829794720077,path-level ex-post regret relative only to the two frozen candidate policies; not global optimality
test_004_55a330aff5c4,109236.40122492104,108685.34797959035,284099.77285260666,551.0532453306805,path-level ex-post regret relative only to the two frozen candidate policies; not global optimality
test_005_981c73a17708,115290.23283434311,114692.960119788,278408.3479231569,597.272714555118,path-level ex-post regret relative only to the two frozen candidate policies; not global optimality
test_006_daba4b1e9814,113779.52580670168,113315.80111876132,285742.2047327513,463.7246879403683,path-level ex-post regret relative only to the two frozen candidate policies; not global optimality
test_007_925513ee8ec6,115817.85098756943,115215.77788446895,314996.24194148934,602.0731031004834,path-level ex-post regret relative only to the two frozen candidate policies; not global optimality
test_008_fabe46a0ea00,107891.46886195324,107394.40439781087,272018.71690571756,497.06446414237143,path-level ex-post regret relative only to the two frozen candidate policies; not global optimality
test_009_c8ef87e47101,120259.63276257657,119795.41759373077,277863.7306942093,464.21516884579614,path-level ex-post regret relative only to the two frozen candidate policies; not global optimality
test_010_613ab99db82c,105304.99105979409,105058.31198011979,264401.3629427449,246.67907967430074,path-level ex-post regret relative only to the two frozen candidate policies; not global optimality
test_011_8a2e74b38d5d,128881.69585427799,128222.26678162838,297803.91196392156,659.429072649611,path-level ex-post regret relative only to the two frozen candidate policies; not global optimality
test_012_b6bdc05b20a7,120891.507146199,120328.94059004869,294410.22315152525,562.566556150312,path-level ex-post regret relative only to the two frozen candidate policies; not global optimality
test_013_040653995d85,102064.45381770644,101665.05756116034,262547.26737186563,399.396256546097,path-level ex-post regret relative only to the two frozen candidate policies; not global optimality
test_014_f00647451070,106620.1020103409,106013.39727952343,271669.74376757996,606.704730817466,path-level ex-post regret relative only to the two frozen candidate policies; not global optimality
test_015_643a837775f9,127388.22414728119,126790.38561135156,324585.57311596395,597.8385359296226,path-level ex-post regret relative only to the two frozen candidate policies; not global optimality
test_016_45a90ccef8bd,124863.80464294659,124313.45106066133,297941.2122528728,550.3535822852573,path-level ex-post regret relative only to the two frozen candidate policies; not global optimality
test_017_ebd333a3cdba,115124.83143139863,114603.7885402935,289624.87419335725,521.0428911051276,path-level ex-post regret relative only to the two frozen candidate policies; not global optimality
test_018_9466cee538c9,116029.86087570898,115448.89473952912,297833.9041564744,580.9661361798644,path-level ex-post regret relative only to the two frozen candidate policies; not global optimality
test_019_9d2b7462a57a,116016.85790117928,115535.43817827437,306587.8257638879,481.4197229049023,path-level ex-post regret relative only to the two frozen candidate policies; not global optimality
test_020_701c8d28bc45,121089.7879642604,120511.00487793602,297653.1973005699,578.7830863243726,path-level ex-post regret relative only to the two frozen candidate policies; not global optimality
test_021_69299bc5d0bf,110590.54824416719,110096.35246547435,284419.868596059,494.19577869283967,path-level ex-post regret relative only to the two frozen candidate policies; not global optimality
test_022_1b3e72c80b5f,109115.63679224551,108577.09064963348,289187.9155189526,538.546142612031,path-level ex-post regret relative only to the two frozen candidate policies; not global optimality
test_023_90a8af416c5a,117844.57236306602,117357.22392676522,304303.0728374135,487.34843630080286,path-level ex-post regret relative only to the two frozen candidate policies; not global optimality
test_024_e90f261f99e2,119039.20674165408,118518.17093259835,285130.03919502365,521.0358090557274,path-level ex-post regret relative only to the two frozen candidate policies; not global optimality
test_025_0c3eeaae0824,118454.96705089428,117904.28315508942,287831.54494197544,550.6838958048611,path-level ex-post regret relative only to the two frozen candidate policies; not global optimality
test_026_770d47ae1768,127157.14237649845,126414.77179566321,286290.4669905544,742.3705808352388,path-level ex-post regret relative only to the two frozen candidate policies; not global optimality
test_027_df5d670513fa,111806.02555462542,111229.15712439457,287614.07000694686,576.8684302308538,path-level ex-post regret relative only to the two frozen candidate policies; not global optimality
test_028_e9fb02365dd3,108607.88654514066,107862.0017427308,272189.88241519267,745.8848024098552,path-level ex-post regret relative only to the two frozen candidate policies; not global optimality
test_029_b44f60718c5a,114607.54803805862,114340.9717397938,275039.3663520078,266.57629826483026,path-level ex-post regret relative only to the two frozen candidate policies; not global optimality
test_030_038f4c53d11f,109959.36064952069,109464.42175144544,283274.0410622998,494.93889807525557,path-level ex-post regret relative only to the two frozen candidate policies; not global optimality
test_031_0a6ff70351b5,114370.17601044934,113763.91349865716,273927.49805159704,606.2625117921853,path-level ex-post regret relative only to the two frozen candidate policies; not global optimality
test_032_efdf826e6bc3,115898.02649602677,115630.87539196161,294492.33520493686,267.15110406515305,path-level ex-post regret relative only to the two frozen candidate policies; not global optimality
test_033_de0c441dba67,119476.73045902354,119218.08483819838,290774.59664171224,258.64562082516204,path-level ex-post regret relative only to the two frozen candidate policies; not global optimality
test_034_a00d80b83640,119309.09481102526,118759.89836542314,288339.18119060586,549.1964456021233,path-level ex-post regret relative only to the two frozen candidate policies; not global optimality
test_035_51fd398978b7,111993.9083863985,111483.91210578948,273294.1746628673,509.99628060901887,path-level ex-post regret relative only to the two frozen candidate policies; not global optimality
test_036_7eb6ac1ca077,114474.71262246933,114264.84499366315,282201.3529495006,209.86762880618335,path-level ex-post regret relative only to the two frozen candidate policies; not global optimality
test_037_f096257ecaa4,119222.52404293999,118661.20643512002,323205.6221101401,561.3176078199613,path-level ex-post regret relative only to the two frozen candidate policies; not global optimality
test_038_b05abc6e01b3,115452.64204933653,115006.01899643346,296312.47090903245,446.6230529030727,path-level ex-post regret relative only to the two frozen candidate policies; not global optimality
test_039_9c0d1ebe6c19,118991.88422787523,118454.09184348461,283715.14286559535,537.7923843906174,path-level ex-post regret relative only to the two frozen candidate policies; not global optimality
test_040_11a8950c659e,112266.510138012,111846.26832881621,275845.54815654206,420.2418091957952,path-level ex-post regret relative only to the two frozen candidate policies; not global optimality
test_041_e58f21dcc209,119525.59901083559,118919.9198583073,288528.4386254843,605.6791525282897,path-level ex-post regret relative only to the two frozen candidate policies; not global optimality
test_042_a77d2ece213a,113844.49655701297,113359.2212772236,262133.07794284247,485.27527978937724,path-level ex-post regret relative only to the two frozen candidate policies; not global optimality
test_043_f1174106175c,111681.34646021569,111061.49634589063,308168.49914662447,619.8501143250614,path-level ex-post regret relative only to the two frozen candidate policies; not global optimality
test_044_ed401c94714a,116595.15135532287,116106.20548465547,278070.19852557,488.94587066740496,path-level ex-post regret relative only to the two frozen candidate policies; not global optimality
test_045_af7d3f616c1d,119573.40042585354,119011.33281468558,290883.0414041865,562.0676111679641,path-level ex-post regret relative only to the two frozen candidate policies; not global optimality
test_046_e35b743e6617,121305.46590216696,120723.83055758155,288616.3708658794,581.6353445854184,path-level ex-post regret relative only to the two frozen candidate policies; not global optimality
test_047_20c1f89391c1,126990.26617557152,126454.67392280645,289463.3692383337,535.5922527650691,path-level ex-post regret relative only to the two frozen candidate policies; not global optimality
test_048_eeaf6a6a0a15,118950.17422660218,118518.52901158114,287316.21886338014,431.6452150210389,path-level ex-post regret relative only to the two frozen candidate policies; not global optimality
test_049_343da3774e7e,104496.1335507006,104239.31250345318,271158.00866908673,256.8210472474166,path-level ex-post regret relative only to the two frozen candidate policies; not global optimality
test_050_1c7612d8bc63,109109.18023604696,108935.08072853344,264944.29548085487,174.09950751351425,path-level ex-post regret relative only to the two frozen candidate policies; not global optimality
test_051_5747c87e6d9a,107321.77444291348,106449.42605529858,260767.50031542746,872.3483876148966,path-level ex-post regret relative only to the two frozen candidate policies; not global optimality
test_052_9760565f31de,112609.22479760692,112112.42488111542,291377.5321763654,496.7999164914945,path-level ex-post regret relative only to the two frozen candidate policies; not global optimality
test_053_4473e6f72168,111955.29908107204,111448.61017267448,286407.76117349823,506.68890839755477,path-level ex-post regret relative only to the two frozen candidate policies; not global optimality
test_054_c66f0b1dacc4,121039.41745721968,120502.1562368294,279962.5570729166,537.2612203902827,path-level ex-post regret relative only to the two frozen candidate policies; not global optimality
test_055_f90330578051,124354.61464904014,123803.63429523446,299757.02514990204,550.9803538056876,path-level ex-post regret relative only to the two frozen candidate policies; not global optimality
test_056_b2c64046cef9,110083.0532398211,109824.84416474514,276958.8717719509,258.2090750759671,path-level ex-post regret relative only to the two frozen candidate policies; not global optimality
test_057_bf11b8e004e2,113590.5566221265,112941.89054554421,280316.51075956033,648.666076582289,path-level ex-post regret relative only to the two frozen candidate policies; not global optimality
test_058_fbcfbffca03e,121860.71575973016,121322.28322923837,302767.69855113677,538.4325304917875,path-level ex-post regret relative only to the two frozen candidate policies; not global optimality
test_059_d22925a9593f,113554.16734885907,112990.62999208081,279687.6363137145,563.5373567782663,path-level ex-post regret relative only to the two frozen candidate policies; not global optimality
test_060_b3feb9e274c2,118097.60406680567,117612.9106235307,289269.0698646855,484.69344327496947,path-level ex-post regret relative only to the two frozen candidate policies; not global optimality
test_061_627abde70c26,115971.46588796999,115398.47484223009,288697.45929875557,572.9910457398946,path-level ex-post regret relative only to the two frozen candidate policies; not global optimality
test_062_0c9ea14e9507,122055.72919975757,121477.56298311637,292468.02816915116,578.1662166411988,path-level ex-post regret relative only to the two frozen candidate policies; not global optimality
test_063_44f0f2a191ef,114961.51792633842,114131.88184923811,273879.8258559666,829.6360771003092,path-level ex-post regret relative only to the two frozen candidate policies; not global optimality
test_064_27d69866b791,104116.8609601768,103652.56870811853,264635.05841586436,464.29225205826515,path-level ex-post regret relative only to the two frozen candidate policies; not global optimality
test_065_930038cc16e9,118811.83617726395,118305.29391370917,276717.77494497556,506.54226355477294,path-level ex-post regret relative only to the two frozen candidate policies; not global optimality
test_066_28fb87ba4913,122836.10150880688,122268.84206189161,301085.75485747476,567.2594469152682,path-level ex-post regret relative only to the two frozen candidate policies; not global optimality
test_067_4d46fa716471,120110.82696726937,119600.72000791453,279038.65059231286,510.10695935484546,path-level ex-post regret relative only to the two frozen candidate policies; not global optimality
test_068_93da1d4ae1ba,125058.01031886495,124437.61905897938,299604.54412631376,620.3912598855677,path-level ex-post regret relative only to the two frozen candidate policies; not global optimality
test_069_5b01ea54b2fa,107491.70310946926,106962.51428255405,281981.0580204769,529.1888269152114,path-level ex-post regret relative only to the two frozen candidate policies; not global optimality
test_070_0cd9bcac96c3,120693.66437468508,120121.144682914,296686.08597860177,572.5196917710709,path-level ex-post regret relative only to the two frozen candidate policies; not global optimality
test_071_34f77888383f,109017.58317520244,108352.8981219895,261740.14910489108,664.685053212932,path-level ex-post regret relative only to the two frozen candidate policies; not global optimality
test_072_8e59fac0e6c8,116888.34069515103,116633.14174039905,276454.53361720865,255.198954751977,path-level ex-post regret relative only to the two frozen candidate policies; not global optimality
test_073_69349232969b,116127.8986340404,115656.87540504576,293831.48685433465,471.0232289946289,path-level ex-post regret relative only to the two frozen candidate policies; not global optimality
test_074_212affc962e2,114513.77084492387,114066.71864238281,291974.42092611577,447.052202541061,path-level ex-post regret relative only to the two frozen candidate policies; not global optimality
test_075_8de4e41c7ad9,108267.92344365739,107823.60707056559,272628.3233116439,444.31637309180223,path-level ex-post regret relative only to the two frozen candidate policies; not global optimality
test_076_48339f21c8ec,123810.77283616293,123199.04149199698,302275.8379460981,611.7313441659498,path-level ex-post regret relative only to the two frozen candidate policies; not global optimality
test_077_b1f2e84dc844,111393.11446422436,110957.4828648747,288440.32343636017,435.6315993496537,path-level ex-post regret relative only to the two frozen candidate policies; not global optimality
test_078_367d379a9297,112937.00421306565,112440.34754121897,283268.8865257804,496.65667184667836,path-level ex-post regret relative only to the two frozen candidate policies; not global optimality
test_079_bce06ca59758,107430.68416551879,107273.33005934548,265405.2678080162,157.35410617331218,path-level ex-post regret relative only to the two frozen candidate policies; not global optimality
test_080_e669407a98d7,122233.15291030072,121607.08339608253,296485.3001276137,626.069514218194,path-level ex-post regret relative only to the two frozen candidate policies; not global optimality
test_081_fbbd80304765,119211.14959877142,118688.06314028411,275751.7075853951,523.0864584873052,path-level ex-post regret relative only to the two frozen candidate policies; not global optimality
test_082_2cf496ac3a99,119503.63530781398,118940.40302773735,296462.1726474522,563.2322800766269,path-level ex-post regret relative only to the two frozen candidate policies; not global optimality
test_083_4cbdde5f376f,114040.27482671378,113473.06707395463,290139.21193241136,567.2077527591464,path-level ex-post regret relative only to the two frozen candidate policies; not global optimality
test_084_513eb18f351c,116661.08390798188,116125.9327917392,289889.0580691316,535.1511162426905,path-level ex-post regret relative only to the two frozen candidate policies; not global optimality
test_085_650c50514b66,118658.38888987382,118149.81554944192,302849.9778999316,508.5733404319035,path-level ex-post regret relative only to the two frozen candidate policies; not global optimality
test_086_754dc8e1ab0e,123058.68530516967,122792.90339627159,298414.686121411,265.7819088980759,path-level ex-post regret relative only to the two frozen candidate policies; not global optimality
test_087_cbc79ee243dd,123205.44053590832,122697.12183622034,288585.6358546918,508.3186996879813,path-level ex-post regret relative only to the two frozen candidate policies; not global optimality
