panel,forecast_model,horizon_months,mean_log_predictive_density,standard_deviation,observations,evaluation_start,evaluation_end,standard_error,hmm_mean_lpd,difference_from_hmm,observation_month,assumed_release_date,sample_split,filtered_state_0_probability,filtered_state_1_probability,filtered_high_risk_probability,state_0_label,state_1_label,interpretation
A_HELDOUT_LPD,hmm_transition,1.0,-4.6634824906739505,10.050395895614322,18.0,2025-01-01,2026-06-01,2.3689010304661107,-4.6634824906739505,0.0,,,,,,,,,
A_HELDOUT_LPD,hmm_transition,2.0,-4.790472088145809,10.218853511480082,18.0,2025-01-01,2026-06-01,2.40860687130651,-4.790472088145809,0.0,,,,,,,,,
A_HELDOUT_LPD,hmm_transition,3.0,-4.796490612640486,10.233955518623235,18.0,2025-01-01,2026-06-01,2.4121664485266603,-4.796490612640486,0.0,,,,,,,,,
A_HELDOUT_LPD,persistence,1.0,-7.439738980075333,13.032119721705698,18.0,2025-01-01,2026-06-01,3.0717000761510143,-4.6634824906739505,-2.7762564894013826,,,,,,,,,
A_HELDOUT_LPD,persistence,2.0,-10.231088378996574,14.242680013336429,18.0,2025-01-01,2026-06-01,3.3570318732334323,-4.790472088145809,-5.440616290850765,,,,,,,,,
A_HELDOUT_LPD,persistence,3.0,-10.616972718871544,15.356531068811508,18.0,2025-01-01,2026-06-01,3.6195690847528397,-4.796490612640486,-5.820482106231058,,,,,,,,,
A_HELDOUT_LPD,unconditional,1.0,-4.791940516236426,10.22944649769924,18.0,2025-01-01,2026-06-01,2.411103662102704,-4.6634824906739505,-0.12845802556247587,,,,,,,,,
A_HELDOUT_LPD,unconditional,2.0,-4.791940516236426,10.22944649769924,18.0,2025-01-01,2026-06-01,2.411103662102704,-4.790472088145809,-0.001468428090617202,,,,,,,,,
A_HELDOUT_LPD,unconditional,3.0,-4.791940516236426,10.22944649769924,18.0,2025-01-01,2026-06-01,2.411103662102704,-4.796490612640486,0.0045500964040599,,,,,,,,,
B_FILTERED_RISK_STATE,,,,,,,,,,,1987-01-01,1987-02-28,training,1.0,8.64496297440826e-85,8.64496297440826e-85,normal_risk,high_risk,current geopolitical risk state belief; not closure probability
B_FILTERED_RISK_STATE,,,,,,,,,,,1987-02-01,1987-03-31,training,0.9999999999864733,1.3526748420634362e-11,1.3526748420634362e-11,normal_risk,high_risk,current geopolitical risk state belief; not closure probability
B_FILTERED_RISK_STATE,,,,,,,,,,,1987-03-01,1987-04-30,training,0.9999999999887893,1.1210778883275763e-11,1.1210778883275763e-11,normal_risk,high_risk,current geopolitical risk state belief; not closure probability
B_FILTERED_RISK_STATE,,,,,,,,,,,1987-04-01,1987-05-31,training,0.9999999999518706,4.812936607696474e-11,4.812936607696474e-11,normal_risk,high_risk,current geopolitical risk state belief; not closure probability
B_FILTERED_RISK_STATE,,,,,,,,,,,1987-05-01,1987-06-30,training,0.999999999992322,7.677947934125335e-12,7.677947934125335e-12,normal_risk,high_risk,current geopolitical risk state belief; not closure probability
B_FILTERED_RISK_STATE,,,,,,,,,,,1987-06-01,1987-07-31,training,0.9999999999939325,6.0675718256940405e-12,6.0675718256940405e-12,normal_risk,high_risk,current geopolitical risk state belief; not closure probability
B_FILTERED_RISK_STATE,,,,,,,,,,,1987-07-01,1987-08-31,training,0.999999999993326,6.673986287123384e-12,6.673986287123384e-12,normal_risk,high_risk,current geopolitical risk state belief; not closure probability
B_FILTERED_RISK_STATE,,,,,,,,,,,1987-08-01,1987-09-30,training,0.9999999999929813,7.0186766742405115e-12,7.0186766742405115e-12,normal_risk,high_risk,current geopolitical risk state belief; not closure probability
B_FILTERED_RISK_STATE,,,,,,,,,,,1987-09-01,1987-10-31,training,0.9999999999199933,8.000672815273663e-11,8.000672815273663e-11,normal_risk,high_risk,current geopolitical risk state belief; not closure probability
B_FILTERED_RISK_STATE,,,,,,,,,,,1987-10-01,1987-11-30,training,0.9999999999799689,2.00311186380775e-11,2.00311186380775e-11,normal_risk,high_risk,current geopolitical risk state belief; not closure probability
B_FILTERED_RISK_STATE,,,,,,,,,,,1987-11-01,1987-12-31,training,0.9999999999931067,6.8933047132581975e-12,6.8933047132581975e-12,normal_risk,high_risk,current geopolitical risk state belief; not closure probability
B_FILTERED_RISK_STATE,,,,,,,,,,,1987-12-01,1988-01-31,training,0.9999999999850311,1.496895481247888e-11,1.496895481247888e-11,normal_risk,high_risk,current geopolitical risk state belief; not closure probability
B_FILTERED_RISK_STATE,,,,,,,,,,,1988-01-01,1988-02-29,training,0.9999999999699151,3.0084946494125386e-11,3.0084946494125386e-11,normal_risk,high_risk,current geopolitical risk state belief; not closure probability
B_FILTERED_RISK_STATE,,,,,,,,,,,1988-02-01,1988-03-31,training,0.9999999999953252,4.674773312660285e-12,4.674773312660285e-12,normal_risk,high_risk,current geopolitical risk state belief; not closure probability
B_FILTERED_RISK_STATE,,,,,,,,,,,1988-03-01,1988-04-30,training,0.9999999999349586,6.504141844200751e-11,6.504141844200751e-11,normal_risk,high_risk,current geopolitical risk state belief; not closure probability
B_FILTERED_RISK_STATE,,,,,,,,,,,1988-04-01,1988-05-31,training,0.99999999997645,2.3550093295645024e-11,2.3550093295645024e-11,normal_risk,high_risk,current geopolitical risk state belief; not closure probability
B_FILTERED_RISK_STATE,,,,,,,,,,,1988-05-01,1988-06-30,training,0.9999999999813985,1.860148570891028e-11,1.860148570891028e-11,normal_risk,high_risk,current geopolitical risk state belief; not closure probability
B_FILTERED_RISK_STATE,,,,,,,,,,,1988-06-01,1988-07-31,training,0.9999999999776754,2.2324574022507117e-11,2.2324574022507117e-11,normal_risk,high_risk,current geopolitical risk state belief; not closure probability
B_FILTERED_RISK_STATE,,,,,,,,,,,1988-07-01,1988-08-31,training,0.9999999999914913,8.50878533939155e-12,8.50878533939155e-12,normal_risk,high_risk,current geopolitical risk state belief; not closure probability
B_FILTERED_RISK_STATE,,,,,,,,,,,1988-08-01,1988-09-30,training,0.9999999999946408,5.3591420142990816e-12,5.3591420142990816e-12,normal_risk,high_risk,current geopolitical risk state belief; not closure probability
B_FILTERED_RISK_STATE,,,,,,,,,,,1988-09-01,1988-10-31,training,0.9999999999917839,8.216098294381324e-12,8.216098294381324e-12,normal_risk,high_risk,current geopolitical risk state belief; not closure probability
B_FILTERED_RISK_STATE,,,,,,,,,,,1988-10-01,1988-11-30,training,0.9999999999935133,6.486645344420619e-12,6.486645344420619e-12,normal_risk,high_risk,current geopolitical risk state belief; not closure probability
B_FILTERED_RISK_STATE,,,,,,,,,,,1988-11-01,1988-12-31,training,0.9999999999853755,1.4624564204604942e-11,1.4624564204604942e-11,normal_risk,high_risk,current geopolitical risk state belief; not closure probability
B_FILTERED_RISK_STATE,,,,,,,,,,,1988-12-01,1989-01-31,training,0.9999999999788791,2.1120839150616575e-11,2.1120839150616575e-11,normal_risk,high_risk,current geopolitical risk state belief; not closure probability
B_FILTERED_RISK_STATE,,,,,,,,,,,1989-01-01,1989-02-28,training,0.9999999999945095,5.490476502997405e-12,5.490476502997405e-12,normal_risk,high_risk,current geopolitical risk state belief; not closure probability
B_FILTERED_RISK_STATE,,,,,,,,,,,1989-02-01,1989-03-31,training,0.9999999999948057,5.194320824340928e-12,5.194320824340928e-12,normal_risk,high_risk,current geopolitical risk state belief; not closure probability
B_FILTERED_RISK_STATE,,,,,,,,,,,1989-03-01,1989-04-30,training,0.9999999999948961,5.10398621074993e-12,5.10398621074993e-12,normal_risk,high_risk,current geopolitical risk state belief; not closure probability
B_FILTERED_RISK_STATE,,,,,,,,,,,1989-04-01,1989-05-31,training,0.9999999999948479,5.1521545421955536e-12,5.1521545421955536e-12,normal_risk,high_risk,current geopolitical risk state belief; not closure probability
B_FILTERED_RISK_STATE,,,,,,,,,,,1989-05-01,1989-06-30,training,0.0,1.0,1.0,normal_risk,high_risk,current geopolitical risk state belief; not closure probability
B_FILTERED_RISK_STATE,,,,,,,,,,,1989-06-01,1989-07-31,training,0.9999999999603962,3.960375541008195e-11,3.960375541008195e-11,normal_risk,high_risk,current geopolitical risk state belief; not closure probability
B_FILTERED_RISK_STATE,,,,,,,,,,,1989-07-01,1989-08-31,training,0.9999999999933559,6.6441542959670225e-12,6.6441542959670225e-12,normal_risk,high_risk,current geopolitical risk state belief; not closure probability
B_FILTERED_RISK_STATE,,,,,,,,,,,1989-08-01,1989-09-30,training,0.0,1.0,1.0,normal_risk,high_risk,current geopolitical risk state belief; not closure probability
B_FILTERED_RISK_STATE,,,,,,,,,,,1989-09-01,1989-10-31,training,0.9999999997531417,2.468582833774995e-10,2.468582833774995e-10,normal_risk,high_risk,current geopolitical risk state belief; not closure probability
B_FILTERED_RISK_STATE,,,,,,,,,,,1989-10-01,1989-11-30,training,0.9999999999841146,1.588532530329325e-11,1.588532530329325e-11,normal_risk,high_risk,current geopolitical risk state belief; not closure probability
B_FILTERED_RISK_STATE,,,,,,,,,,,1989-11-01,1989-12-31,training,0.0,1.0,1.0,normal_risk,high_risk,current geopolitical risk state belief; not closure probability
B_FILTERED_RISK_STATE,,,,,,,,,,,1989-12-01,1990-01-31,training,0.9999999997526504,2.4734958226952606e-10,2.4734958226952606e-10,normal_risk,high_risk,current geopolitical risk state belief; not closure probability
B_FILTERED_RISK_STATE,,,,,,,,,,,1990-01-01,1990-02-28,training,0.0,1.0,1.0,normal_risk,high_risk,current geopolitical risk state belief; not closure probability
B_FILTERED_RISK_STATE,,,,,,,,,,,1990-02-01,1990-03-31,training,0.9999999999655518,3.4448145896985896e-11,3.4448145896985896e-11,normal_risk,high_risk,current geopolitical risk state belief; not closure probability
B_FILTERED_RISK_STATE,,,,,,,,,,,1990-03-01,1990-04-30,training,0.9999999999913758,8.624238436707199e-12,8.624238436707199e-12,normal_risk,high_risk,current geopolitical risk state belief; not closure probability
B_FILTERED_RISK_STATE,,,,,,,,,,,1990-04-01,1990-05-31,training,0.9999999999777246,2.2275503968724565e-11,2.2275503968724565e-11,normal_risk,high_risk,current geopolitical risk state belief; not closure probability
B_FILTERED_RISK_STATE,,,,,,,,,,,1990-05-01,1990-06-30,training,0.9999999999934656,6.534442151766605e-12,6.534442151766605e-12,normal_risk,high_risk,current geopolitical risk state belief; not closure probability
B_FILTERED_RISK_STATE,,,,,,,,,,,1990-06-01,1990-07-31,training,0.9999999999854985,1.450152535238181e-11,1.450152535238181e-11,normal_risk,high_risk,current geopolitical risk state belief; not closure probability
B_FILTERED_RISK_STATE,,,,,,,,,,,1990-07-01,1990-08-31,training,0.9999999999945933,5.406611557224337e-12,5.406611557224337e-12,normal_risk,high_risk,current geopolitical risk state belief; not closure probability
B_FILTERED_RISK_STATE,,,,,,,,,,,1990-08-01,1990-09-30,training,0.0,1.0,1.0,normal_risk,high_risk,current geopolitical risk state belief; not closure probability
B_FILTERED_RISK_STATE,,,,,,,,,,,1990-09-01,1990-10-31,training,0.029115277231426633,0.9708847227685733,0.9708847227685733,normal_risk,high_risk,current geopolitical risk state belief; not closure probability
B_FILTERED_RISK_STATE,,,,,,,,,,,1990-10-01,1990-11-30,training,0.9999500244574876,4.99755425123851e-05,4.99755425123851e-05,normal_risk,high_risk,current geopolitical risk state belief; not closure probability
B_FILTERED_RISK_STATE,,,,,,,,,,,1990-11-01,1990-12-31,training,0.9999999361144535,6.388554656166625e-08,6.388554656166625e-08,normal_risk,high_risk,current geopolitical risk state belief; not closure probability
B_FILTERED_RISK_STATE,,,,,,,,,,,1990-12-01,1991-01-31,training,0.9999999926635416,7.336458487710455e-09,7.336458487710455e-09,normal_risk,high_risk,current geopolitical risk state belief; not closure probability
B_FILTERED_RISK_STATE,,,,,,,,,,,1991-01-01,1991-02-28,training,0.0,1.0,1.0,normal_risk,high_risk,current geopolitical risk state belief; not closure probability
B_FILTERED_RISK_STATE,,,,,,,,,,,1991-02-01,1991-03-31,training,1.800545643171616e-29,1.0,1.0,normal_risk,high_risk,current geopolitical risk state belief; not closure probability
B_FILTERED_RISK_STATE,,,,,,,,,,,1991-03-01,1991-04-30,training,0.0,1.0,1.0,normal_risk,high_risk,current geopolitical risk state belief; not closure probability
B_FILTERED_RISK_STATE,,,,,,,,,,,1991-04-01,1991-05-31,training,0.9999519007705384,4.809922946160924e-05,4.809922946160924e-05,normal_risk,high_risk,current geopolitical risk state belief; not closure probability
B_FILTERED_RISK_STATE,,,,,,,,,,,1991-05-01,1991-06-30,training,0.9999999997664617,2.335383184208512e-10,2.335383184208512e-10,normal_risk,high_risk,current geopolitical risk state belief; not closure probability
B_FILTERED_RISK_STATE,,,,,,,,,,,1991-06-01,1991-07-31,training,0.9999999997326048,2.673951442266758e-10,2.673951442266758e-10,normal_risk,high_risk,current geopolitical risk state belief; not closure probability
B_FILTERED_RISK_STATE,,,,,,,,,,,1991-07-01,1991-08-31,training,0.9999999754829997,2.451700036622646e-08,2.451700036622646e-08,normal_risk,high_risk,current geopolitical risk state belief; not closure probability
B_FILTERED_RISK_STATE,,,,,,,,,,,1991-08-01,1991-09-30,training,0.9999999993728867,6.271132530188322e-10,6.271132530188322e-10,normal_risk,high_risk,current geopolitical risk state belief; not closure probability
B_FILTERED_RISK_STATE,,,,,,,,,,,1991-09-01,1991-10-31,training,0.9999999958432615,4.1567384558107955e-09,4.1567384558107955e-09,normal_risk,high_risk,current geopolitical risk state belief; not closure probability
B_FILTERED_RISK_STATE,,,,,,,,,,,1991-10-01,1991-11-30,training,0.9999999988858996,1.1141003877070866e-09,1.1141003877070866e-09,normal_risk,high_risk,current geopolitical risk state belief; not closure probability
B_FILTERED_RISK_STATE,,,,,,,,,,,1991-11-01,1991-12-31,training,0.9999999996760838,3.239162640103256e-10,3.239162640103256e-10,normal_risk,high_risk,current geopolitical risk state belief; not closure probability
B_FILTERED_RISK_STATE,,,,,,,,,,,1991-12-01,1992-01-31,training,0.9999999984069221,1.593077901601244e-09,1.593077901601244e-09,normal_risk,high_risk,current geopolitical risk state belief; not closure probability
B_FILTERED_RISK_STATE,,,,,,,,,,,1992-01-01,1992-02-29,training,0.999999999458051,5.41949011136068e-10,5.41949011136068e-10,normal_risk,high_risk,current geopolitical risk state belief; not closure probability
B_FILTERED_RISK_STATE,,,,,,,,,,,1992-02-01,1992-03-31,training,0.9999999995028113,4.971887334301165e-10,4.971887334301165e-10,normal_risk,high_risk,current geopolitical risk state belief; not closure probability
B_FILTERED_RISK_STATE,,,,,,,,,,,1992-03-01,1992-04-30,training,0.9999999996294923,3.705077437320422e-10,3.705077437320422e-10,normal_risk,high_risk,current geopolitical risk state belief; not closure probability
B_FILTERED_RISK_STATE,,,,,,,,,,,1992-04-01,1992-05-31,training,0.9999999994967627,5.032373457661683e-10,5.032373457661683e-10,normal_risk,high_risk,current geopolitical risk state belief; not closure probability
B_FILTERED_RISK_STATE,,,,,,,,,,,1992-05-01,1992-06-30,training,0.9999999996189974,3.8100260330448065e-10,3.8100260330448065e-10,normal_risk,high_risk,current geopolitical risk state belief; not closure probability
B_FILTERED_RISK_STATE,,,,,,,,,,,1992-06-01,1992-07-31,training,0.9999999976982802,2.3017198061699076e-09,2.3017198061699076e-09,normal_risk,high_risk,current geopolitical risk state belief; not closure probability
B_FILTERED_RISK_STATE,,,,,,,,,,,1992-07-01,1992-08-31,training,0.9999999990657201,9.342799372285263e-10,9.342799372285263e-10,normal_risk,high_risk,current geopolitical risk state belief; not closure probability
B_FILTERED_RISK_STATE,,,,,,,,,,,1992-08-01,1992-09-30,training,0.9999999998918385,1.0816150201420887e-10,1.0816150201420887e-10,normal_risk,high_risk,current geopolitical risk state belief; not closure probability
B_FILTERED_RISK_STATE,,,,,,,,,,,1992-09-01,1992-10-31,training,0.9999999998079643,1.9203570844167127e-10,1.9203570844167127e-10,normal_risk,high_risk,current geopolitical risk state belief; not closure probability
B_FILTERED_RISK_STATE,,,,,,,,,,,1992-10-01,1992-11-30,training,0.9999999998425098,1.574902649017608e-10,1.574902649017608e-10,normal_risk,high_risk,current geopolitical risk state belief; not closure probability
B_FILTERED_RISK_STATE,,,,,,,,,,,1992-11-01,1992-12-31,training,0.9999999994437616,5.562383578719612e-10,5.562383578719612e-10,normal_risk,high_risk,current geopolitical risk state belief; not closure probability
B_FILTERED_RISK_STATE,,,,,,,,,,,1992-12-01,1993-01-31,training,0.9999999999317949,6.820502941856201e-11,6.820502941856201e-11,normal_risk,high_risk,current geopolitical risk state belief; not closure probability
B_FILTERED_RISK_STATE,,,,,,,,,,,1993-01-01,1993-02-28,training,0.9999998782141548,1.217858452779725e-07,1.217858452779725e-07,normal_risk,high_risk,current geopolitical risk state belief; not closure probability
B_FILTERED_RISK_STATE,,,,,,,,,,,1993-02-01,1993-03-31,training,0.9999999980611394,1.938860625975646e-09,1.938860625975646e-09,normal_risk,high_risk,current geopolitical risk state belief; not closure probability
B_FILTERED_RISK_STATE,,,,,,,,,,,1993-03-01,1993-04-30,training,0.999999999992713,7.286921384092635e-12,7.286921384092635e-12,normal_risk,high_risk,current geopolitical risk state belief; not closure probability
B_FILTERED_RISK_STATE,,,,,,,,,,,1993-04-01,1993-05-31,training,0.9999999996585426,3.4145748078377097e-10,3.4145748078377097e-10,normal_risk,high_risk,current geopolitical risk state belief; not closure probability
B_FILTERED_RISK_STATE,,,,,,,,,,,1993-05-01,1993-06-30,training,0.9999999999837221,1.6277825787772777e-11,1.6277825787772777e-11,normal_risk,high_risk,current geopolitical risk state belief; not closure probability
B_FILTERED_RISK_STATE,,,,,,,,,,,1993-06-01,1993-07-31,training,0.9999999999896283,1.0371695989000875e-11,1.0371695989000875e-11,normal_risk,high_risk,current geopolitical risk state belief; not closure probability
B_FILTERED_RISK_STATE,,,,,,,,,,,1993-07-01,1993-08-31,training,0.9999999999135286,8.647138466354446e-11,8.647138466354446e-11,normal_risk,high_risk,current geopolitical risk state belief; not closure probability
B_FILTERED_RISK_STATE,,,,,,,,,,,1993-08-01,1993-09-30,training,0.9999999999782763,2.1723693113564056e-11,2.1723693113564056e-11,normal_risk,high_risk,current geopolitical risk state belief; not closure probability
B_FILTERED_RISK_STATE,,,,,,,,,,,1993-09-01,1993-10-31,training,0.9999999999931871,6.812902470266796e-12,6.812902470266796e-12,normal_risk,high_risk,current geopolitical risk state belief; not closure probability
B_FILTERED_RISK_STATE,,,,,,,,,,,1993-10-01,1993-11-30,training,0.9999999999365555,6.344450360262352e-11,6.344450360262352e-11,normal_risk,high_risk,current geopolitical risk state belief; not closure probability
B_FILTERED_RISK_STATE,,,,,,,,,,,1993-11-01,1993-12-31,training,0.9999999999816226,1.837746416192745e-11,1.837746416192745e-11,normal_risk,high_risk,current geopolitical risk state belief; not closure probability
B_FILTERED_RISK_STATE,,,,,,,,,,,1993-12-01,1994-01-31,training,0.9999999999925834,7.416650038652772e-12,7.416650038652772e-12,normal_risk,high_risk,current geopolitical risk state belief; not closure probability
B_FILTERED_RISK_STATE,,,,,,,,,,,1994-01-01,1994-02-28,training,0.9999999999922036,7.796401640594924e-12,7.796401640594924e-12,normal_risk,high_risk,current geopolitical risk state belief; not closure probability
B_FILTERED_RISK_STATE,,,,,,,,,,,1994-02-01,1994-03-31,training,0.0,1.0,1.0,normal_risk,high_risk,current geopolitical risk state belief; not closure probability
B_FILTERED_RISK_STATE,,,,,,,,,,,1994-03-01,1994-04-30,training,0.9999999995689468,4.310531227527811e-10,4.310531227527811e-10,normal_risk,high_risk,current geopolitical risk state belief; not closure probability
B_FILTERED_RISK_STATE,,,,,,,,,,,1994-04-01,1994-05-31,training,0.9999999999864101,1.3589829591365857e-11,1.3589829591365857e-11,normal_risk,high_risk,current geopolitical risk state belief; not closure probability
B_FILTERED_RISK_STATE,,,,,,,,,,,1994-05-01,1994-06-30,training,0.9999999999899557,1.0044331807656695e-11,1.0044331807656695e-11,normal_risk,high_risk,current geopolitical risk state belief; not closure probability
B_FILTERED_RISK_STATE,,,,,,,,,,,1994-06-01,1994-07-31,training,0.9999999999207777,7.922220116720618e-11,7.922220116720618e-11,normal_risk,high_risk,current geopolitical risk state belief; not closure probability
B_FILTERED_RISK_STATE,,,,,,,,,,,1994-07-01,1994-08-31,training,0.9999999999771458,2.285409652346582e-11,2.285409652346582e-11,normal_risk,high_risk,current geopolitical risk state belief; not closure probability
B_FILTERED_RISK_STATE,,,,,,,,,,,1994-08-01,1994-09-30,training,0.9999999999888963,1.1103634318963318e-11,1.1103634318963318e-11,normal_risk,high_risk,current geopolitical risk state belief; not closure probability
B_FILTERED_RISK_STATE,,,,,,,,,,,1994-09-01,1994-10-31,training,0.9999999999744456,2.5554460386757004e-11,2.5554460386757004e-11,normal_risk,high_risk,current geopolitical risk state belief; not closure probability
B_FILTERED_RISK_STATE,,,,,,,,,,,1994-10-01,1994-11-30,training,0.9999999999868766,1.3123366298495331e-11,1.3123366298495331e-11,normal_risk,high_risk,current geopolitical risk state belief; not closure probability
B_FILTERED_RISK_STATE,,,,,,,,,,,1994-11-01,1994-12-31,training,0.9999999999919745,8.025468759492471e-12,8.025468759492471e-12,normal_risk,high_risk,current geopolitical risk state belief; not closure probability
B_FILTERED_RISK_STATE,,,,,,,,,,,1994-12-01,1995-01-31,training,0.9999999999924677,7.532349622613534e-12,7.532349622613534e-12,normal_risk,high_risk,current geopolitical risk state belief; not closure probability
B_FILTERED_RISK_STATE,,,,,,,,,,,1995-01-01,1995-02-28,training,0.9999999999898577,1.0142328293151896e-11,1.0142328293151896e-11,normal_risk,high_risk,current geopolitical risk state belief; not closure probability
B_FILTERED_RISK_STATE,,,,,,,,,,,1995-02-01,1995-03-31,training,0.9999999999926127,7.387368831969281e-12,7.387368831969281e-12,normal_risk,high_risk,current geopolitical risk state belief; not closure probability
B_FILTERED_RISK_STATE,,,,,,,,,,,1995-03-01,1995-04-30,training,0.9999999999941801,5.819984313895821e-12,5.819984313895821e-12,normal_risk,high_risk,current geopolitical risk state belief; not closure probability
B_FILTERED_RISK_STATE,,,,,,,,,,,1995-04-01,1995-05-31,training,0.9999999999866368,1.336312841065163e-11,1.336312841065163e-11,normal_risk,high_risk,current geopolitical risk state belief; not closure probability
B_FILTERED_RISK_STATE,,,,,,,,,,,1995-05-01,1995-06-30,training,0.9999999999922738,7.72617651832313e-12,7.72617651832313e-12,normal_risk,high_risk,current geopolitical risk state belief; not closure probability
B_FILTERED_RISK_STATE,,,,,,,,,,,1995-06-01,1995-07-31,training,0.9999999999790361,2.0963935211373673e-11,2.0963935211373673e-11,normal_risk,high_risk,current geopolitical risk state belief; not closure probability
B_FILTERED_RISK_STATE,,,,,,,,,,,1995-07-01,1995-08-31,training,0.999999999989313,1.0687042681104542e-11,1.0687042681104542e-11,normal_risk,high_risk,current geopolitical risk state belief; not closure probability
B_FILTERED_RISK_STATE,,,,,,,,,,,1995-08-01,1995-09-30,training,0.9999999999920842,7.915782160373425e-12,7.915782160373425e-12,normal_risk,high_risk,current geopolitical risk state belief; not closure probability
B_FILTERED_RISK_STATE,,,,,,,,,,,1995-09-01,1995-10-31,training,0.0,1.0,1.0,normal_risk,high_risk,current geopolitical risk state belief; not closure probability
B_FILTERED_RISK_STATE,,,,,,,,,,,1995-10-01,1995-11-30,training,0.9999999999613759,3.862413322854505e-11,3.862413322854505e-11,normal_risk,high_risk,current geopolitical risk state belief; not closure probability
B_FILTERED_RISK_STATE,,,,,,,,,,,1995-11-01,1995-12-31,training,0.9999999999922005,7.799523804962702e-12,7.799523804962702e-12,normal_risk,high_risk,current geopolitical risk state belief; not closure probability
B_FILTERED_RISK_STATE,,,,,,,,,,,1995-12-01,1996-01-31,training,0.9999999999885659,1.143402731440433e-11,1.143402731440433e-11,normal_risk,high_risk,current geopolitical risk state belief; not closure probability
B_FILTERED_RISK_STATE,,,,,,,,,,,1996-01-01,1996-02-29,training,0.999999999984561,1.5438960876277072e-11,1.5438960876277072e-11,normal_risk,high_risk,current geopolitical risk state belief; not closure probability
B_FILTERED_RISK_STATE,,,,,,,,,,,1996-02-01,1996-03-31,training,0.9999999999927864,7.213510248544557e-12,7.213510248544557e-12,normal_risk,high_risk,current geopolitical risk state belief; not closure probability
B_FILTERED_RISK_STATE,,,,,,,,,,,1996-03-01,1996-04-30,training,0.9999999999923869,7.613141020553728e-12,7.613141020553728e-12,normal_risk,high_risk,current geopolitical risk state belief; not closure probability
B_FILTERED_RISK_STATE,,,,,,,,,,,1996-04-01,1996-05-31,training,0.9999999999911258,8.874192035305166e-12,8.874192035305166e-12,normal_risk,high_risk,current geopolitical risk state belief; not closure probability
B_FILTERED_RISK_STATE,,,,,,,,,,,1996-05-01,1996-06-30,training,0.9999999999695914,3.040855373291135e-11,3.040855373291135e-11,normal_risk,high_risk,current geopolitical risk state belief; not closure probability
B_FILTERED_RISK_STATE,,,,,,,,,,,1996-06-01,1996-07-31,training,0.9999999999909956,9.004440893639703e-12,9.004440893639703e-12,normal_risk,high_risk,current geopolitical risk state belief; not closure probability
B_FILTERED_RISK_STATE,,,,,,,,,,,1996-07-01,1996-08-31,training,0.9999999999871266,1.2873423073466757e-11,1.2873423073466757e-11,normal_risk,high_risk,current geopolitical risk state belief; not closure probability
B_FILTERED_RISK_STATE,,,,,,,,,,,1996-08-01,1996-09-30,training,0.9999999999949554,5.044607728463321e-12,5.044607728463321e-12,normal_risk,high_risk,current geopolitical risk state belief; not closure probability
B_FILTERED_RISK_STATE,,,,,,,,,,,1996-09-01,1996-10-31,training,0.99999999999465,5.350101562598263e-12,5.350101562598263e-12,normal_risk,high_risk,current geopolitical risk state belief; not closure probability
B_FILTERED_RISK_STATE,,,,,,,,,,,1996-10-01,1996-11-30,training,0.0,1.0,1.0,normal_risk,high_risk,current geopolitical risk state belief; not closure probability
B_FILTERED_RISK_STATE,,,,,,,,,,,1996-11-01,1996-12-31,training,0.9999999999414737,5.852627495736249e-11,5.852627495736249e-11,normal_risk,high_risk,current geopolitical risk state belief; not closure probability
B_FILTERED_RISK_STATE,,,,,,,,,,,1996-12-01,1997-01-31,training,0.9999999999836899,1.630999625798222e-11,1.630999625798222e-11,normal_risk,high_risk,current geopolitical risk state belief; not closure probability
B_FILTERED_RISK_STATE,,,,,,,,,,,1997-01-01,1997-02-28,training,0.9999999999671926,3.2807466397828256e-11,3.2807466397828256e-11,normal_risk,high_risk,current geopolitical risk state belief; not closure probability
B_FILTERED_RISK_STATE,,,,,,,,,,,1997-02-01,1997-03-31,training,0.9999999999802858,1.9714244346002625e-11,1.9714244346002625e-11,normal_risk,high_risk,current geopolitical risk state belief; not closure probability
B_FILTERED_RISK_STATE,,,,,,,,,,,1997-03-01,1997-04-30,training,0.9999999999828274,1.7172624310852816e-11,1.7172624310852816e-11,normal_risk,high_risk,current geopolitical risk state belief; not closure probability
B_FILTERED_RISK_STATE,,,,,,,,,,,1997-04-01,1997-05-31,training,0.9999999999908525,9.147377083413806e-12,9.147377083413806e-12,normal_risk,high_risk,current geopolitical risk state belief; not closure probability
B_FILTERED_RISK_STATE,,,,,,,,,,,1997-05-01,1997-06-30,training,0.9999999999818088,1.8191177153360234e-11,1.8191177153360234e-11,normal_risk,high_risk,current geopolitical risk state belief; not closure probability
B_FILTERED_RISK_STATE,,,,,,,,,,,1997-06-01,1997-07-31,training,0.999999999927593,7.240698997041092e-11,7.240698997041092e-11,normal_risk,high_risk,current geopolitical risk state belief; not closure probability
B_FILTERED_RISK_STATE,,,,,,,,,,,1997-07-01,1997-08-31,training,0.999999999969821,3.0178953556022345e-11,3.0178953556022345e-11,normal_risk,high_risk,current geopolitical risk state belief; not closure probability
B_FILTERED_RISK_STATE,,,,,,,,,,,1997-08-01,1997-09-30,training,0.9999999999774426,2.2557370469296666e-11,2.2557370469296666e-11,normal_risk,high_risk,current geopolitical risk state belief; not closure probability
B_FILTERED_RISK_STATE,,,,,,,,,,,1997-09-01,1997-10-31,training,0.9999999999637967,3.620332165303695e-11,3.620332165303695e-11,normal_risk,high_risk,current geopolitical risk state belief; not closure probability
B_FILTERED_RISK_STATE,,,,,,,,,,,1997-10-01,1997-11-30,training,0.9999999999682012,3.1798771803542263e-11,3.1798771803542263e-11,normal_risk,high_risk,current geopolitical risk state belief; not closure probability
B_FILTERED_RISK_STATE,,,,,,,,,,,1997-11-01,1997-12-31,training,0.9999999999765636,2.3436349586641778e-11,2.3436349586641778e-11,normal_risk,high_risk,current geopolitical risk state belief; not closure probability
B_FILTERED_RISK_STATE,,,,,,,,,,,1997-12-01,1998-01-31,training,0.0,1.0,1.0,normal_risk,high_risk,current geopolitical risk state belief; not closure probability
B_FILTERED_RISK_STATE,,,,,,,,,,,1998-01-01,1998-02-28,training,0.9999999999048458,9.515425171510367e-11,9.515425171510367e-11,normal_risk,high_risk,current geopolitical risk state belief; not closure probability
B_FILTERED_RISK_STATE,,,,,,,,,,,1998-02-01,1998-03-31,training,0.0,1.0,1.0,normal_risk,high_risk,current geopolitical risk state belief; not closure probability
B_FILTERED_RISK_STATE,,,,,,,,,,,1998-03-01,1998-04-30,training,0.9999999997536266,2.463732716673138e-10,2.463732716673138e-10,normal_risk,high_risk,current geopolitical risk state belief; not closure probability
B_FILTERED_RISK_STATE,,,,,,,,,,,1998-04-01,1998-05-31,training,0.9999999999812814,1.8718502226054705e-11,1.8718502226054705e-11,normal_risk,high_risk,current geopolitical risk state belief; not closure probability
B_FILTERED_RISK_STATE,,,,,,,,,,,1998-05-01,1998-06-30,training,0.0,1.0,1.0,normal_risk,high_risk,current geopolitical risk state belief; not closure probability
B_FILTERED_RISK_STATE,,,,,,,,,,,1998-06-01,1998-07-31,training,0.9999999998485078,1.5149220097843557e-10,1.5149220097843557e-10,normal_risk,high_risk,current geopolitical risk state belief; not closure probability
B_FILTERED_RISK_STATE,,,,,,,,,,,1998-07-01,1998-08-31,training,0.9999999999499194,5.008053610463253e-11,5.008053610463253e-11,normal_risk,high_risk,current geopolitical risk state belief; not closure probability
B_FILTERED_RISK_STATE,,,,,,,,,,,1998-08-01,1998-09-30,training,0.0,1.0,1.0,normal_risk,high_risk,current geopolitical risk state belief; not closure probability
B_FILTERED_RISK_STATE,,,,,,,,,,,1998-09-01,1998-10-31,training,0.0,1.0,1.0,normal_risk,high_risk,current geopolitical risk state belief; not closure probability
B_FILTERED_RISK_STATE,,,,,,,,,,,1998-10-01,1998-11-30,training,0.9999999999263272,7.367276746358863e-11,7.367276746358863e-11,normal_risk,high_risk,current geopolitical risk state belief; not closure probability
B_FILTERED_RISK_STATE,,,,,,,,,,,1998-11-01,1998-12-31,training,0.9999999999599444,4.005562249745552e-11,4.005562249745552e-11,normal_risk,high_risk,current geopolitical risk state belief; not closure probability
B_FILTERED_RISK_STATE,,,,,,,,,,,1998-12-01,1999-01-31,training,0.9999999999836321,1.6367912753605043e-11,1.6367912753605043e-11,normal_risk,high_risk,current geopolitical risk state belief; not closure probability
B_FILTERED_RISK_STATE,,,,,,,,,,,1999-01-01,1999-02-28,training,0.9999999999874865,1.2513565761650132e-11,1.2513565761650132e-11,normal_risk,high_risk,current geopolitical risk state belief; not closure probability
B_FILTERED_RISK_STATE,,,,,,,,,,,1999-02-01,1999-03-31,training,0.9999999999876983,1.2301806877843428e-11,1.2301806877843428e-11,normal_risk,high_risk,current geopolitical risk state belief; not closure probability
B_FILTERED_RISK_STATE,,,,,,,,,,,1999-03-01,1999-04-30,training,0.9999999999538507,4.614931958124845e-11,4.614931958124845e-11,normal_risk,high_risk,current geopolitical risk state belief; not closure probability
B_FILTERED_RISK_STATE,,,,,,,,,,,1999-04-01,1999-05-31,training,0.999999999950216,4.978403668743429e-11,4.978403668743429e-11,normal_risk,high_risk,current geopolitical risk state belief; not closure probability
B_FILTERED_RISK_STATE,,,,,,,,,,,1999-05-01,1999-06-30,training,0.9999999999849833,1.5016651198528086e-11,1.5016651198528086e-11,normal_risk,high_risk,current geopolitical risk state belief; not closure probability
B_FILTERED_RISK_STATE,,,,,,,,,,,1999-06-01,1999-07-31,training,0.999999999993675,6.325061905792084e-12,6.325061905792084e-12,normal_risk,high_risk,current geopolitical risk state belief; not closure probability
B_FILTERED_RISK_STATE,,,,,,,,,,,1999-07-01,1999-08-31,training,0.9999999999711784,2.8821646047295622e-11,2.8821646047295622e-11,normal_risk,high_risk,current geopolitical risk state belief; not closure probability
B_FILTERED_RISK_STATE,,,,,,,,,,,1999-08-01,1999-09-30,training,0.9999999999910395,8.960464568430908e-12,8.960464568430908e-12,normal_risk,high_risk,current geopolitical risk state belief; not closure probability
B_FILTERED_RISK_STATE,,,,,,,,,,,1999-09-01,1999-10-31,training,0.9999999999920175,7.98255454127381e-12,7.98255454127381e-12,normal_risk,high_risk,current geopolitical risk state belief; not closure probability
B_FILTERED_RISK_STATE,,,,,,,,,,,1999-10-01,1999-11-30,training,0.9999999999936208,6.379208444210069e-12,6.379208444210069e-12,normal_risk,high_risk,current geopolitical risk state belief; not closure probability
B_FILTERED_RISK_STATE,,,,,,,,,,,1999-11-01,1999-12-31,training,0.9999999999828886,1.7111362334349144e-11,1.7111362334349144e-11,normal_risk,high_risk,current geopolitical risk state belief; not closure probability
B_FILTERED_RISK_STATE,,,,,,,,,,,1999-12-01,2000-01-31,training,0.9999999998369752,1.630247072662996e-10,1.630247072662996e-10,normal_risk,high_risk,current geopolitical risk state belief; not closure probability
B_FILTERED_RISK_STATE,,,,,,,,,,,2000-01-01,2000-02-29,training,0.9999999999617589,3.824103574549556e-11,3.824103574549556e-11,normal_risk,high_risk,current geopolitical risk state belief; not closure probability
B_FILTERED_RISK_STATE,,,,,,,,,,,2000-02-01,2000-03-31,training,0.999999999989799,1.0200917846744746e-11,1.0200917846744746e-11,normal_risk,high_risk,current geopolitical risk state belief; not closure probability
B_FILTERED_RISK_STATE,,,,,,,,,,,2000-03-01,2000-04-30,training,0.9999999999523638,4.763622024425032e-11,4.763622024425032e-11,normal_risk,high_risk,current geopolitical risk state belief; not closure probability
B_FILTERED_RISK_STATE,,,,,,,,,,,2000-04-01,2000-05-31,training,0.9999999999800178,1.9982331470206337e-11,1.9982331470206337e-11,normal_risk,high_risk,current geopolitical risk state belief; not closure probability
B_FILTERED_RISK_STATE,,,,,,,,,,,2000-05-01,2000-06-30,training,0.9999999998188055,1.8119445461456254e-10,1.8119445461456254e-10,normal_risk,high_risk,current geopolitical risk state belief; not closure probability
B_FILTERED_RISK_STATE,,,,,,,,,,,2000-06-01,2000-07-31,training,0.9999999999767498,2.3250134396481213e-11,2.3250134396481213e-11,normal_risk,high_risk,current geopolitical risk state belief; not closure probability
B_FILTERED_RISK_STATE,,,,,,,,,,,2000-07-01,2000-08-31,training,0.9999999999755843,2.4415747011331856e-11,2.4415747011331856e-11,normal_risk,high_risk,current geopolitical risk state belief; not closure probability
B_FILTERED_RISK_STATE,,,,,,,,,,,2000-08-01,2000-09-30,training,0.999999999976572,2.34280957652708e-11,2.34280957652708e-11,normal_risk,high_risk,current geopolitical risk state belief; not closure probability
B_FILTERED_RISK_STATE,,,,,,,,,,,2000-09-01,2000-10-31,training,0.999999999976709,2.3290961862378204e-11,2.3290961862378204e-11,normal_risk,high_risk,current geopolitical risk state belief; not closure probability
B_FILTERED_RISK_STATE,,,,,,,,,,,2000-10-01,2000-11-30,training,0.9999999998778273,1.221727609782658e-10,1.221727609782658e-10,normal_risk,high_risk,current geopolitical risk state belief; not closure probability
B_FILTERED_RISK_STATE,,,,,,,,,,,2000-11-01,2000-12-31,training,0.0,1.0,1.0,normal_risk,high_risk,current geopolitical risk state belief; not closure probability
B_FILTERED_RISK_STATE,,,,,,,,,,,2000-12-01,2001-01-31,training,0.9999999998829481,1.170519742928509e-10,1.170519742928509e-10,normal_risk,high_risk,current geopolitical risk state belief; not closure probability
B_FILTERED_RISK_STATE,,,,,,,,,,,2001-01-01,2001-02-28,training,0.9999999999767015,2.3298420173929392e-11,2.3298420173929392e-11,normal_risk,high_risk,current geopolitical risk state belief; not closure probability
B_FILTERED_RISK_STATE,,,,,,,,,,,2001-02-01,2001-03-31,training,0.9999999999847691,1.523094865602142e-11,1.523094865602142e-11,normal_risk,high_risk,current geopolitical risk state belief; not closure probability
B_FILTERED_RISK_STATE,,,,,,,,,,,2001-03-01,2001-04-30,training,0.9999999999895794,1.0420512349625303e-11,1.0420512349625303e-11,normal_risk,high_risk,current geopolitical risk state belief; not closure probability
B_FILTERED_RISK_STATE,,,,,,,,,,,2001-04-01,2001-05-31,training,0.9999999999787288,2.1271243923125093e-11,2.1271243923125093e-11,normal_risk,high_risk,current geopolitical risk state belief; not closure probability
B_FILTERED_RISK_STATE,,,,,,,,,,,2001-05-01,2001-06-30,training,0.9999999999871535,1.2846548546363157e-11,1.2846548546363157e-11,normal_risk,high_risk,current geopolitical risk state belief; not closure probability
B_FILTERED_RISK_STATE,,,,,,,,,,,2001-06-01,2001-07-31,training,0.9999999999900188,9.981260517624564e-12,9.981260517624564e-12,normal_risk,high_risk,current geopolitical risk state belief; not closure probability
B_FILTERED_RISK_STATE,,,,,,,,,,,2001-07-01,2001-08-31,training,0.9999999999876282,1.2371696611691605e-11,1.2371696611691605e-11,normal_risk,high_risk,current geopolitical risk state belief; not closure probability
B_FILTERED_RISK_STATE,,,,,,,,,,,2001-08-01,2001-09-30,training,0.9999999999773906,2.2609318369078422e-11,2.2609318369078422e-11,normal_risk,high_risk,current geopolitical risk state belief; not closure probability
B_FILTERED_RISK_STATE,,,,,,,,,,,2001-09-01,2001-10-31,training,0.0,1.0,1.0,normal_risk,high_risk,current geopolitical risk state belief; not closure probability
B_FILTERED_RISK_STATE,,,,,,,,,,,2001-10-01,2001-11-30,training,1.8974795116428134e-92,1.0,1.0,normal_risk,high_risk,current geopolitical risk state belief; not closure probability
B_FILTERED_RISK_STATE,,,,,,,,,,,2001-11-01,2001-12-31,training,0.0,1.0,1.0,normal_risk,high_risk,current geopolitical risk state belief; not closure probability
B_FILTERED_RISK_STATE,,,,,,,,,,,2001-12-01,2002-01-31,training,2.3023446020083813e-17,1.0,1.0,normal_risk,high_risk,current geopolitical risk state belief; not closure probability
B_FILTERED_RISK_STATE,,,,,,,,,,,2002-01-01,2002-02-28,training,6.269556877076264e-07,0.9999993730443122,0.9999993730443122,normal_risk,high_risk,current geopolitical risk state belief; not closure probability
B_FILTERED_RISK_STATE,,,,,,,,,,,2002-02-01,2002-03-31,training,0.9997494898751119,0.0002505101248880212,0.0002505101248880212,normal_risk,high_risk,current geopolitical risk state belief; not closure probability
B_FILTERED_RISK_STATE,,,,,,,,,,,2002-03-01,2002-04-30,training,0.9999958803385094,4.119661490578541e-06,4.119661490578541e-06,normal_risk,high_risk,current geopolitical risk state belief; not closure probability
B_FILTERED_RISK_STATE,,,,,,,,,,,2002-04-01,2002-05-31,training,0.999993003577723,6.996422276980696e-06,6.996422276980696e-06,normal_risk,high_risk,current geopolitical risk state belief; not closure probability
B_FILTERED_RISK_STATE,,,,,,,,,,,2002-05-01,2002-06-30,training,0.9999207694568468,7.923054315313973e-05,7.923054315313973e-05,normal_risk,high_risk,current geopolitical risk state belief; not closure probability
B_FILTERED_RISK_STATE,,,,,,,,,,,2002-06-01,2002-07-31,training,0.9999990103723855,9.896276144712362e-07,9.896276144712362e-07,normal_risk,high_risk,current geopolitical risk state belief; not closure probability
B_FILTERED_RISK_STATE,,,,,,,,,,,2002-07-01,2002-08-31,training,0.9999996478815851,3.5211841487096843e-07,3.5211841487096843e-07,normal_risk,high_risk,current geopolitical risk state belief; not closure probability
B_FILTERED_RISK_STATE,,,,,,,,,,,2002-08-01,2002-09-30,training,0.9999999574098131,4.2590186843536064e-08,4.2590186843536064e-08,normal_risk,high_risk,current geopolitical risk state belief; not closure probability
B_FILTERED_RISK_STATE,,,,,,,,,,,2002-09-01,2002-10-31,training,0.9383933530352154,0.06160664696478456,0.06160664696478456,normal_risk,high_risk,current geopolitical risk state belief; not closure probability
B_FILTERED_RISK_STATE,,,,,,,,,,,2002-10-01,2002-11-30,training,0.9999835114031308,1.6488596869164525e-05,1.6488596869164525e-05,normal_risk,high_risk,current geopolitical risk state belief; not closure probability
B_FILTERED_RISK_STATE,,,,,,,,,,,2002-11-01,2002-12-31,training,0.9999980902812959,1.90971870403437e-06,1.90971870403437e-06,normal_risk,high_risk,current geopolitical risk state belief; not closure probability
B_FILTERED_RISK_STATE,,,,,,,,,,,2002-12-01,2003-01-31,training,0.9999698866721111,3.011332788898516e-05,3.011332788898516e-05,normal_risk,high_risk,current geopolitical risk state belief; not closure probability
B_FILTERED_RISK_STATE,,,,,,,,,,,2003-01-01,2003-02-28,training,0.07851689434152162,0.9214831056584784,0.9214831056584784,normal_risk,high_risk,current geopolitical risk state belief; not closure probability
B_FILTERED_RISK_STATE,,,,,,,,,,,2003-02-01,2003-03-31,training,3.3083477665598956e-08,0.9999999669165223,0.9999999669165223,normal_risk,high_risk,current geopolitical risk state belief; not closure probability
B_FILTERED_RISK_STATE,,,,,,,,,,,2003-03-01,2003-04-30,training,1.1037553034885927e-61,1.0,1.0,normal_risk,high_risk,current geopolitical risk state belief; not closure probability
B_FILTERED_RISK_STATE,,,,,,,,,,,2003-04-01,2003-05-31,training,0.0,1.0,1.0,normal_risk,high_risk,current geopolitical risk state belief; not closure probability
B_FILTERED_RISK_STATE,,,,,,,,,,,2003-05-01,2003-06-30,training,7.877773171073513e-11,0.9999999999212222,0.9999999999212222,normal_risk,high_risk,current geopolitical risk state belief; not closure probability
B_FILTERED_RISK_STATE,,,,,,,,,,,2003-06-01,2003-07-31,training,0.9999906643738166,9.335626183461145e-06,9.335626183461145e-06,normal_risk,high_risk,current geopolitical risk state belief; not closure probability
B_FILTERED_RISK_STATE,,,,,,,,,,,2003-07-01,2003-08-31,training,0.9999995628879994,4.371120005340406e-07,4.371120005340406e-07,normal_risk,high_risk,current geopolitical risk state belief; not closure probability
B_FILTERED_RISK_STATE,,,,,,,,,,,2003-08-01,2003-09-30,training,0.9999991567129233,8.432870767352757e-07,8.432870767352757e-07,normal_risk,high_risk,current geopolitical risk state belief; not closure probability
B_FILTERED_RISK_STATE,,,,,,,,,,,2003-09-01,2003-10-31,training,0.9999999993131655,6.868344579575754e-10,6.868344579575754e-10,normal_risk,high_risk,current geopolitical risk state belief; not closure probability
B_FILTERED_RISK_STATE,,,,,,,,,,,2003-10-01,2003-11-30,training,0.9999999999197604,8.023968277591852e-11,8.023968277591852e-11,normal_risk,high_risk,current geopolitical risk state belief; not closure probability
B_FILTERED_RISK_STATE,,,,,,,,,,,2003-11-01,2003-12-31,training,0.9999999998456399,1.5435998595120568e-10,1.5435998595120568e-10,normal_risk,high_risk,current geopolitical risk state belief; not closure probability
B_FILTERED_RISK_STATE,,,,,,,,,,,2003-12-01,2004-01-31,training,0.9999999997790694,2.2093062468176513e-10,2.2093062468176513e-10,normal_risk,high_risk,current geopolitical risk state belief; not closure probability
B_FILTERED_RISK_STATE,,,,,,,,,,,2004-01-01,2004-02-29,training,0.9999999998524965,1.4750346909234095e-10,1.4750346909234095e-10,normal_risk,high_risk,current geopolitical risk state belief; not closure probability
B_FILTERED_RISK_STATE,,,,,,,,,,,2004-02-01,2004-03-31,training,0.9999999999782331,2.176684993404145e-11,2.176684993404145e-11,normal_risk,high_risk,current geopolitical risk state belief; not closure probability
B_FILTERED_RISK_STATE,,,,,,,,,,,2004-03-01,2004-04-30,training,0.9999999609409838,3.905901623535075e-08,3.905901623535075e-08,normal_risk,high_risk,current geopolitical risk state belief; not closure probability
B_FILTERED_RISK_STATE,,,,,,,,,,,2004-04-01,2004-05-31,training,0.9999999915000314,8.499968629257497e-09,8.499968629257497e-09,normal_risk,high_risk,current geopolitical risk state belief; not closure probability
B_FILTERED_RISK_STATE,,,,,,,,,,,2004-05-01,2004-06-30,training,0.999999997028093,2.9719071086346574e-09,2.9719071086346574e-09,normal_risk,high_risk,current geopolitical risk state belief; not closure probability
B_FILTERED_RISK_STATE,,,,,,,,,,,2004-06-01,2004-07-31,training,0.999999999356743,6.43256974279095e-10,6.43256974279095e-10,normal_risk,high_risk,current geopolitical risk state belief; not closure probability
B_FILTERED_RISK_STATE,,,,,,,,,,,2004-07-01,2004-08-31,training,0.9999999997509981,2.490019525382137e-10,2.490019525382137e-10,normal_risk,high_risk,current geopolitical risk state belief; not closure probability
B_FILTERED_RISK_STATE,,,,,,,,,,,2004-08-01,2004-09-30,training,0.9999999992797426,7.202574092458576e-10,7.202574092458576e-10,normal_risk,high_risk,current geopolitical risk state belief; not closure probability
B_FILTERED_RISK_STATE,,,,,,,,,,,2004-09-01,2004-10-31,training,0.9999999985249018,1.475098203458155e-09,1.475098203458155e-09,normal_risk,high_risk,current geopolitical risk state belief; not closure probability
B_FILTERED_RISK_STATE,,,,,,,,,,,2004-10-01,2004-11-30,training,0.9999999989999323,1.0000676611371944e-09,1.0000676611371944e-09,normal_risk,high_risk,current geopolitical risk state belief; not closure probability
B_FILTERED_RISK_STATE,,,,,,,,,,,2004-11-01,2004-12-31,training,0.9999999999516193,4.8380764474420044e-11,4.8380764474420044e-11,normal_risk,high_risk,current geopolitical risk state belief; not closure probability
B_FILTERED_RISK_STATE,,,,,,,,,,,2004-12-01,2005-01-31,training,0.9999999999512035,4.879654834929273e-11,4.879654834929273e-11,normal_risk,high_risk,current geopolitical risk state belief; not closure probability
B_FILTERED_RISK_STATE,,,,,,,,,,,2005-01-01,2005-02-28,training,0.9999999999747105,2.528955443205793e-11,2.528955443205793e-11,normal_risk,high_risk,current geopolitical risk state belief; not closure probability
B_FILTERED_RISK_STATE,,,,,,,,,,,2005-02-01,2005-03-31,training,0.9999999999514753,4.8524790901223685e-11,4.8524790901223685e-11,normal_risk,high_risk,current geopolitical risk state belief; not closure probability
B_FILTERED_RISK_STATE,,,,,,,,,,,2005-03-01,2005-04-30,training,0.9999999999869884,1.3011504222311513e-11,1.3011504222311513e-11,normal_risk,high_risk,current geopolitical risk state belief; not closure probability
B_FILTERED_RISK_STATE,,,,,,,,,,,2005-04-01,2005-05-31,training,0.9999999999890061,1.0993855002403158e-11,1.0993855002403158e-11,normal_risk,high_risk,current geopolitical risk state belief; not closure probability
B_FILTERED_RISK_STATE,,,,,,,,,,,2005-05-01,2005-06-30,training,0.9999999999920349,7.965042915150511e-12,7.965042915150511e-12,normal_risk,high_risk,current geopolitical risk state belief; not closure probability
B_FILTERED_RISK_STATE,,,,,,,,,,,2005-06-01,2005-07-31,training,0.999999999990332,9.668028162074237e-12,9.668028162074237e-12,normal_risk,high_risk,current geopolitical risk state belief; not closure probability
B_FILTERED_RISK_STATE,,,,,,,,,,,2005-07-01,2005-08-31,training,0.0,1.0,1.0,normal_risk,high_risk,current geopolitical risk state belief; not closure probability
B_FILTERED_RISK_STATE,,,,,,,,,,,2005-08-01,2005-09-30,training,0.0,1.0,1.0,normal_risk,high_risk,current geopolitical risk state belief; not closure probability
B_FILTERED_RISK_STATE,,,,,,,,,,,2005-09-01,2005-10-31,training,0.9999999999266271,7.337286870866857e-11,7.337286870866857e-11,normal_risk,high_risk,current geopolitical risk state belief; not closure probability
B_FILTERED_RISK_STATE,,,,,,,,,,,2005-10-01,2005-11-30,training,0.9999999999861018,1.3898228293103968e-11,1.3898228293103968e-11,normal_risk,high_risk,current geopolitical risk state belief; not closure probability
B_FILTERED_RISK_STATE,,,,,,,,,,,2005-11-01,2005-12-31,training,0.9999999999933965,6.603487252858035e-12,6.603487252858035e-12,normal_risk,high_risk,current geopolitical risk state belief; not closure probability
B_FILTERED_RISK_STATE,,,,,,,,,,,2005-12-01,2006-01-31,training,0.9999999999151267,8.487324257899684e-11,8.487324257899684e-11,normal_risk,high_risk,current geopolitical risk state belief; not closure probability
B_FILTERED_RISK_STATE,,,,,,,,,,,2006-01-01,2006-02-28,training,0.9999999999702983,2.9701661199104345e-11,2.9701661199104345e-11,normal_risk,high_risk,current geopolitical risk state belief; not closure probability
B_FILTERED_RISK_STATE,,,,,,,,,,,2006-02-01,2006-03-31,training,0.9999999999946914,5.3086903828713125e-12,5.3086903828713125e-12,normal_risk,high_risk,current geopolitical risk state belief; not closure probability
B_FILTERED_RISK_STATE,,,,,,,,,,,2006-03-01,2006-04-30,training,0.9999999999951029,4.897130927034268e-12,4.897130927034268e-12,normal_risk,high_risk,current geopolitical risk state belief; not closure probability
B_FILTERED_RISK_STATE,,,,,,,,,,,2006-04-01,2006-05-31,training,0.9999999999952922,4.707851924358514e-12,4.707851924358514e-12,normal_risk,high_risk,current geopolitical risk state belief; not closure probability
B_FILTERED_RISK_STATE,,,,,,,,,,,2006-05-01,2006-06-30,training,0.9999999999948769,5.12313327484795e-12,5.12313327484795e-12,normal_risk,high_risk,current geopolitical risk state belief; not closure probability
B_FILTERED_RISK_STATE,,,,,,,,,,,2006-06-01,2006-07-31,training,0.9999999999597897,4.021032389372336e-11,4.021032389372336e-11,normal_risk,high_risk,current geopolitical risk state belief; not closure probability
B_FILTERED_RISK_STATE,,,,,,,,,,,2006-07-01,2006-08-31,training,0.0,1.0,1.0,normal_risk,high_risk,current geopolitical risk state belief; not closure probability
B_FILTERED_RISK_STATE,,,,,,,,,,,2006-08-01,2006-09-30,training,0.9999999988247089,1.1752909919606936e-09,1.1752909919606936e-09,normal_risk,high_risk,current geopolitical risk state belief; not closure probability
B_FILTERED_RISK_STATE,,,,,,,,,,,2006-09-01,2006-10-31,training,0.9999999996841706,3.1582931099332854e-10,3.1582931099332854e-10,normal_risk,high_risk,current geopolitical risk state belief; not closure probability
B_FILTERED_RISK_STATE,,,,,,,,,,,2006-10-01,2006-11-30,training,0.9999999999826507,1.7349340193042358e-11,1.7349340193042358e-11,normal_risk,high_risk,current geopolitical risk state belief; not closure probability
B_FILTERED_RISK_STATE,,,,,,,,,,,2006-11-01,2006-12-31,training,0.9999999999714537,2.85463020281889e-11,2.85463020281889e-11,normal_risk,high_risk,current geopolitical risk state belief; not closure probability
B_FILTERED_RISK_STATE,,,,,,,,,,,2006-12-01,2007-01-31,training,0.9999999999943303,5.669735786836118e-12,5.669735786836118e-12,normal_risk,high_risk,current geopolitical risk state belief; not closure probability
B_FILTERED_RISK_STATE,,,,,,,,,,,2007-01-01,2007-02-28,training,0.9999999999909789,9.021038827086391e-12,9.021038827086391e-12,normal_risk,high_risk,current geopolitical risk state belief; not closure probability
B_FILTERED_RISK_STATE,,,,,,,,,,,2007-02-01,2007-03-31,training,0.9999999999949912,5.0088368430009434e-12,5.0088368430009434e-12,normal_risk,high_risk,current geopolitical risk state belief; not closure probability
B_FILTERED_RISK_STATE,,,,,,,,,,,2007-03-01,2007-04-30,training,0.9999999999945611,5.438782897987737e-12,5.438782897987737e-12,normal_risk,high_risk,current geopolitical risk state belief; not closure probability
B_FILTERED_RISK_STATE,,,,,,,,,,,2007-04-01,2007-05-31,training,0.9999999999920969,7.903052708095194e-12,7.903052708095194e-12,normal_risk,high_risk,current geopolitical risk state belief; not closure probability
B_FILTERED_RISK_STATE,,,,,,,,,,,2007-05-01,2007-06-30,training,0.9999999999854344,1.4565534625949152e-11,1.4565534625949152e-11,normal_risk,high_risk,current geopolitical risk state belief; not closure probability
B_FILTERED_RISK_STATE,,,,,,,,,,,2007-06-01,2007-07-31,training,0.9999999999935558,6.444144988643198e-12,6.444144988643198e-12,normal_risk,high_risk,current geopolitical risk state belief; not closure probability
B_FILTERED_RISK_STATE,,,,,,,,,,,2007-07-01,2007-08-31,training,0.9999999999771577,2.284231208646256e-11,2.284231208646256e-11,normal_risk,high_risk,current geopolitical risk state belief; not closure probability
B_FILTERED_RISK_STATE,,,,,,,,,,,2007-08-01,2007-09-30,training,0.9999999999616096,3.839042321858376e-11,3.839042321858376e-11,normal_risk,high_risk,current geopolitical risk state belief; not closure probability
B_FILTERED_RISK_STATE,,,,,,,,,,,2007-09-01,2007-10-31,training,0.9999999999905194,9.480575956028094e-12,9.480575956028094e-12,normal_risk,high_risk,current geopolitical risk state belief; not closure probability
B_FILTERED_RISK_STATE,,,,,,,,,,,2007-10-01,2007-11-30,training,0.9999999999939191,6.080964849177918e-12,6.080964849177918e-12,normal_risk,high_risk,current geopolitical risk state belief; not closure probability
B_FILTERED_RISK_STATE,,,,,,,,,,,2007-11-01,2007-12-31,training,0.9999999999939334,6.066574426345021e-12,6.066574426345021e-12,normal_risk,high_risk,current geopolitical risk state belief; not closure probability
B_FILTERED_RISK_STATE,,,,,,,,,,,2007-12-01,2008-01-31,training,0.9999999999953315,4.668577363988599e-12,4.668577363988599e-12,normal_risk,high_risk,current geopolitical risk state belief; not closure probability
B_FILTERED_RISK_STATE,,,,,,,,,,,2008-01-01,2008-02-29,training,0.9999999999917627,8.237242681851733e-12,8.237242681851733e-12,normal_risk,high_risk,current geopolitical risk state belief; not closure probability
B_FILTERED_RISK_STATE,,,,,,,,,,,2008-02-01,2008-03-31,training,0.9999999999945336,5.4663955057555276e-12,5.4663955057555276e-12,normal_risk,high_risk,current geopolitical risk state belief; not closure probability
B_FILTERED_RISK_STATE,,,,,,,,,,,2008-03-01,2008-04-30,training,0.9999999999946436,5.356327332363698e-12,5.356327332363698e-12,normal_risk,high_risk,current geopolitical risk state belief; not closure probability
B_FILTERED_RISK_STATE,,,,,,,,,,,2008-04-01,2008-05-31,training,0.9999999999925415,7.45845101921838e-12,7.45845101921838e-12,normal_risk,high_risk,current geopolitical risk state belief; not closure probability
B_FILTERED_RISK_STATE,,,,,,,,,,,2008-05-01,2008-06-30,training,0.9999999999938872,6.112712234096477e-12,6.112712234096477e-12,normal_risk,high_risk,current geopolitical risk state belief; not closure probability
B_FILTERED_RISK_STATE,,,,,,,,,,,2008-06-01,2008-07-31,training,0.9999999999920386,7.961360503765044e-12,7.961360503765044e-12,normal_risk,high_risk,current geopolitical risk state belief; not closure probability
B_FILTERED_RISK_STATE,,,,,,,,,,,2008-07-01,2008-08-31,training,0.9999999999948509,5.149105814432799e-12,5.149105814432799e-12,normal_risk,high_risk,current geopolitical risk state belief; not closure probability
B_FILTERED_RISK_STATE,,,,,,,,,,,2008-08-01,2008-09-30,training,0.9999999999899807,1.0019296190798253e-11,1.0019296190798253e-11,normal_risk,high_risk,current geopolitical risk state belief; not closure probability
B_FILTERED_RISK_STATE,,,,,,,,,,,2008-09-01,2008-10-31,training,0.9999999999941495,5.850558201616364e-12,5.850558201616364e-12,normal_risk,high_risk,current geopolitical risk state belief; not closure probability
B_FILTERED_RISK_STATE,,,,,,,,,,,2008-10-01,2008-11-30,training,0.9999999999600376,3.9962336797456454e-11,3.9962336797456454e-11,normal_risk,high_risk,current geopolitical risk state belief; not closure probability
B_FILTERED_RISK_STATE,,,,,,,,,,,2008-11-01,2008-12-31,training,0.9999999999826863,1.7313785764531385e-11,1.7313785764531385e-11,normal_risk,high_risk,current geopolitical risk state belief; not closure probability
B_FILTERED_RISK_STATE,,,,,,,,,,,2008-12-01,2009-01-31,training,0.9999999999881771,1.1822867086088472e-11,1.1822867086088472e-11,normal_risk,high_risk,current geopolitical risk state belief; not closure probability
B_FILTERED_RISK_STATE,,,,,,,,,,,2009-01-01,2009-02-28,training,0.9999999999927522,7.247755591546193e-12,7.247755591546193e-12,normal_risk,high_risk,current geopolitical risk state belief; not closure probability
B_FILTERED_RISK_STATE,,,,,,,,,,,2009-02-01,2009-03-31,training,0.9999999999731999,2.6800123069858783e-11,2.6800123069858783e-11,normal_risk,high_risk,current geopolitical risk state belief; not closure probability
B_FILTERED_RISK_STATE,,,,,,,,,,,2009-03-01,2009-04-30,training,0.9999999999923455,7.654559739878774e-12,7.654559739878774e-12,normal_risk,high_risk,current geopolitical risk state belief; not closure probability
B_FILTERED_RISK_STATE,,,,,,,,,,,2009-04-01,2009-05-31,training,0.9999999999922877,7.712250287448707e-12,7.712250287448707e-12,normal_risk,high_risk,current geopolitical risk state belief; not closure probability
B_FILTERED_RISK_STATE,,,,,,,,,,,2009-05-01,2009-06-30,training,0.999999999994618,5.382012775367471e-12,5.382012775367471e-12,normal_risk,high_risk,current geopolitical risk state belief; not closure probability
B_FILTERED_RISK_STATE,,,,,,,,,,,2009-06-01,2009-07-31,training,0.9999999999927983,7.20172053706552e-12,7.20172053706552e-12,normal_risk,high_risk,current geopolitical risk state belief; not closure probability
B_FILTERED_RISK_STATE,,,,,,,,,,,2009-07-01,2009-08-31,training,0.9999999999949607,5.0393026925786455e-12,5.0393026925786455e-12,normal_risk,high_risk,current geopolitical risk state belief; not closure probability
B_FILTERED_RISK_STATE,,,,,,,,,,,2009-08-01,2009-09-30,training,0.9999999999910318,8.968193243862268e-12,8.968193243862268e-12,normal_risk,high_risk,current geopolitical risk state belief; not closure probability
B_FILTERED_RISK_STATE,,,,,,,,,,,2009-09-01,2009-10-31,training,0.0,1.0,1.0,normal_risk,high_risk,current geopolitical risk state belief; not closure probability
B_FILTERED_RISK_STATE,,,,,,,,,,,2009-10-01,2009-11-30,training,0.9999999999693475,3.0652520972691085e-11,3.0652520972691085e-11,normal_risk,high_risk,current geopolitical risk state belief; not closure probability
B_FILTERED_RISK_STATE,,,,,,,,,,,2009-11-01,2009-12-31,training,0.9999999999936634,6.336613437629253e-12,6.336613437629253e-12,normal_risk,high_risk,current geopolitical risk state belief; not closure probability
B_FILTERED_RISK_STATE,,,,,,,,,,,2009-12-01,2010-01-31,training,0.999999999991663,8.33707325084138e-12,8.33707325084138e-12,normal_risk,high_risk,current geopolitical risk state belief; not closure probability
B_FILTERED_RISK_STATE,,,,,,,,,,,2010-01-01,2010-02-28,training,0.9999999999947644,5.235690306300599e-12,5.235690306300599e-12,normal_risk,high_risk,current geopolitical risk state belief; not closure probability
B_FILTERED_RISK_STATE,,,,,,,,,,,2010-02-01,2010-03-31,training,0.9999999999921709,7.829057622838564e-12,7.829057622838564e-12,normal_risk,high_risk,current geopolitical risk state belief; not closure probability
B_FILTERED_RISK_STATE,,,,,,,,,,,2010-03-01,2010-04-30,training,0.9999999999935636,6.436483914722822e-12,6.436483914722822e-12,normal_risk,high_risk,current geopolitical risk state belief; not closure probability
B_FILTERED_RISK_STATE,,,,,,,,,,,2010-04-01,2010-05-31,training,0.9999999999904711,9.528904862783187e-12,9.528904862783187e-12,normal_risk,high_risk,current geopolitical risk state belief; not closure probability
B_FILTERED_RISK_STATE,,,,,,,,,,,2010-05-01,2010-06-30,training,0.9999999999952847,4.715353466460548e-12,4.715353466460548e-12,normal_risk,high_risk,current geopolitical risk state belief; not closure probability
B_FILTERED_RISK_STATE,,,,,,,,,,,2010-06-01,2010-07-31,training,0.9999999999835552,1.6444922807462347e-11,1.6444922807462347e-11,normal_risk,high_risk,current geopolitical risk state belief; not closure probability
B_FILTERED_RISK_STATE,,,,,,,,,,,2010-07-01,2010-08-31,training,0.0,1.0,1.0,normal_risk,high_risk,current geopolitical risk state belief; not closure probability
B_FILTERED_RISK_STATE,,,,,,,,,,,2010-08-01,2010-09-30,training,0.9999999999735754,2.6424627409837546e-11,2.6424627409837546e-11,normal_risk,high_risk,current geopolitical risk state belief; not closure probability
B_FILTERED_RISK_STATE,,,,,,,,,,,2010-09-01,2010-10-31,training,0.999999999991244,8.75592162711566e-12,8.75592162711566e-12,normal_risk,high_risk,current geopolitical risk state belief; not closure probability
B_FILTERED_RISK_STATE,,,,,,,,,,,2010-10-01,2010-11-30,training,0.9999999999916955,8.304495958577426e-12,8.304495958577426e-12,normal_risk,high_risk,current geopolitical risk state belief; not closure probability
B_FILTERED_RISK_STATE,,,,,,,,,,,2010-11-01,2010-12-31,training,0.0,1.0,1.0,normal_risk,high_risk,current geopolitical risk state belief; not closure probability
B_FILTERED_RISK_STATE,,,,,,,,,,,2010-12-01,2011-01-31,training,0.9999999999734313,2.6568821206539667e-11,2.6568821206539667e-11,normal_risk,high_risk,current geopolitical risk state belief; not closure probability
B_FILTERED_RISK_STATE,,,,,,,,,,,2011-01-01,2011-02-28,training,0.9999999999887709,1.1229157553431087e-11,1.1229157553431087e-11,normal_risk,high_risk,current geopolitical risk state belief; not closure probability
B_FILTERED_RISK_STATE,,,,,,,,,,,2011-02-01,2011-03-31,training,0.9999999999932406,6.759332948385169e-12,6.759332948385169e-12,normal_risk,high_risk,current geopolitical risk state belief; not closure probability
B_FILTERED_RISK_STATE,,,,,,,,,,,2011-03-01,2011-04-30,training,0.0,1.0,1.0,normal_risk,high_risk,current geopolitical risk state belief; not closure probability
B_FILTERED_RISK_STATE,,,,,,,,,,,2011-04-01,2011-05-31,training,0.0,1.0,1.0,normal_risk,high_risk,current geopolitical risk state belief; not closure probability
B_FILTERED_RISK_STATE,,,,,,,,,,,2011-05-01,2011-06-30,training,0.9999999998976761,1.023239096369387e-10,1.023239096369387e-10,normal_risk,high_risk,current geopolitical risk state belief; not closure probability
B_FILTERED_RISK_STATE,,,,,,,,,,,2011-06-01,2011-07-31,training,0.9999999999752263,2.4773771568252884e-11,2.4773771568252884e-11,normal_risk,high_risk,current geopolitical risk state belief; not closure probability
B_FILTERED_RISK_STATE,,,,,,,,,,,2011-07-01,2011-08-31,training,0.9999999999895065,1.0493471604507864e-11,1.0493471604507864e-11,normal_risk,high_risk,current geopolitical risk state belief; not closure probability
B_FILTERED_RISK_STATE,,,,,,,,,,,2011-08-01,2011-09-30,training,0.9999999999884293,1.1570686967114691e-11,1.1570686967114691e-11,normal_risk,high_risk,current geopolitical risk state belief; not closure probability
B_FILTERED_RISK_STATE,,,,,,,,,,,2011-09-01,2011-10-31,training,0.9999999999909893,9.01068179825551e-12,9.01068179825551e-12,normal_risk,high_risk,current geopolitical risk state belief; not closure probability
B_FILTERED_RISK_STATE,,,,,,,,,,,2011-10-01,2011-11-30,training,0.9999999999931358,6.8642033284386626e-12,6.8642033284386626e-12,normal_risk,high_risk,current geopolitical risk state belief; not closure probability
B_FILTERED_RISK_STATE,,,,,,,,,,,2011-11-01,2011-12-31,training,0.9999999999641783,3.582165710646911e-11,3.582165710646911e-11,normal_risk,high_risk,current geopolitical risk state belief; not closure probability
B_FILTERED_RISK_STATE,,,,,,,,,,,2011-12-01,2012-01-31,training,0.9999999999948306,5.1694602102141686e-12,5.1694602102141686e-12,normal_risk,high_risk,current geopolitical risk state belief; not closure probability
B_FILTERED_RISK_STATE,,,,,,,,,,,2012-01-01,2012-02-29,training,0.9999999999926878,7.312089005775258e-12,7.312089005775258e-12,normal_risk,high_risk,current geopolitical risk state belief; not closure probability
B_FILTERED_RISK_STATE,,,,,,,,,,,2012-02-01,2012-03-31,training,0.9999999999904734,9.526591139207455e-12,9.526591139207455e-12,normal_risk,high_risk,current geopolitical risk state belief; not closure probability
B_FILTERED_RISK_STATE,,,,,,,,,,,2012-03-01,2012-04-30,training,0.9999999999935635,6.4365452715151295e-12,6.4365452715151295e-12,normal_risk,high_risk,current geopolitical risk state belief; not closure probability
B_FILTERED_RISK_STATE,,,,,,,,,,,2012-04-01,2012-05-31,training,0.9999999999935207,6.4792741515353135e-12,6.4792741515353135e-12,normal_risk,high_risk,current geopolitical risk state belief; not closure probability
B_FILTERED_RISK_STATE,,,,,,,,,,,2012-05-01,2012-06-30,training,0.9999999999887452,1.1254774733561333e-11,1.1254774733561333e-11,normal_risk,high_risk,current geopolitical risk state belief; not closure probability
B_FILTERED_RISK_STATE,,,,,,,,,,,2012-06-01,2012-07-31,training,0.9999999999918219,8.178059396891002e-12,8.178059396891002e-12,normal_risk,high_risk,current geopolitical risk state belief; not closure probability
B_FILTERED_RISK_STATE,,,,,,,,,,,2012-07-01,2012-08-31,training,0.9999999999934909,6.5091205672630235e-12,6.5091205672630235e-12,normal_risk,high_risk,current geopolitical risk state belief; not closure probability
B_FILTERED_RISK_STATE,,,,,,,,,,,2012-08-01,2012-09-30,training,0.9999999999930144,6.9855704801672555e-12,6.9855704801672555e-12,normal_risk,high_risk,current geopolitical risk state belief; not closure probability
B_FILTERED_RISK_STATE,,,,,,,,,,,2012-09-01,2012-10-31,training,0.9999999999922484,7.751640570376322e-12,7.751640570376322e-12,normal_risk,high_risk,current geopolitical risk state belief; not closure probability
B_FILTERED_RISK_STATE,,,,,,,,,,,2012-10-01,2012-11-30,training,0.9999999999875104,1.2489603918191548e-11,1.2489603918191548e-11,normal_risk,high_risk,current geopolitical risk state belief; not closure probability
B_FILTERED_RISK_STATE,,,,,,,,,,,2012-11-01,2012-12-31,training,0.9999999999949325,5.0675203412741654e-12,5.0675203412741654e-12,normal_risk,high_risk,current geopolitical risk state belief; not closure probability
B_FILTERED_RISK_STATE,,,,,,,,,,,2012-12-01,2013-01-31,training,0.9999999999932874,6.7126287158857685e-12,6.7126287158857685e-12,normal_risk,high_risk,current geopolitical risk state belief; not closure probability
B_FILTERED_RISK_STATE,,,,,,,,,,,2013-01-01,2013-02-28,training,0.9999999999731047,2.68952605238424e-11,2.68952605238424e-11,normal_risk,high_risk,current geopolitical risk state belief; not closure probability
B_FILTERED_RISK_STATE,,,,,,,,,,,2013-02-01,2013-03-31,training,0.9999999999904824,9.517555357444513e-12,9.517555357444513e-12,normal_risk,high_risk,current geopolitical risk state belief; not closure probability
B_FILTERED_RISK_STATE,,,,,,,,,,,2013-03-01,2013-04-30,training,0.9999999999929619,7.038170074093189e-12,7.038170074093189e-12,normal_risk,high_risk,current geopolitical risk state belief; not closure probability
B_FILTERED_RISK_STATE,,,,,,,,,,,2013-04-01,2013-05-31,training,0.9999999999872191,1.2780876728969147e-11,1.2780876728969147e-11,normal_risk,high_risk,current geopolitical risk state belief; not closure probability
B_FILTERED_RISK_STATE,,,,,,,,,,,2013-05-01,2013-06-30,training,0.9999999999875538,1.2446129994748978e-11,1.2446129994748978e-11,normal_risk,high_risk,current geopolitical risk state belief; not closure probability
B_FILTERED_RISK_STATE,,,,,,,,,,,2013-06-01,2013-07-31,training,0.9999999999943426,5.657389017042488e-12,5.657389017042488e-12,normal_risk,high_risk,current geopolitical risk state belief; not closure probability
B_FILTERED_RISK_STATE,,,,,,,,,,,2013-07-01,2013-08-31,training,0.9999999999927024,7.297600245328188e-12,7.297600245328188e-12,normal_risk,high_risk,current geopolitical risk state belief; not closure probability
B_FILTERED_RISK_STATE,,,,,,,,,,,2013-08-01,2013-09-30,training,0.0,1.0,1.0,normal_risk,high_risk,current geopolitical risk state belief; not closure probability
B_FILTERED_RISK_STATE,,,,,,,,,,,2013-09-01,2013-10-31,training,0.999999999956237,4.3762914702670945e-11,4.3762914702670945e-11,normal_risk,high_risk,current geopolitical risk state belief; not closure probability
B_FILTERED_RISK_STATE,,,,,,,,,,,2013-10-01,2013-11-30,training,0.0,1.0,1.0,normal_risk,high_risk,current geopolitical risk state belief; not closure probability
B_FILTERED_RISK_STATE,,,,,,,,,,,2013-11-01,2013-12-31,training,0.9999999997934491,2.0655095824606144e-10,2.0655095824606144e-10,normal_risk,high_risk,current geopolitical risk state belief; not closure probability
B_FILTERED_RISK_STATE,,,,,,,,,,,2013-12-01,2014-01-31,training,0.9999999999847349,1.5265024121166808e-11,1.5265024121166808e-11,normal_risk,high_risk,current geopolitical risk state belief; not closure probability
B_FILTERED_RISK_STATE,,,,,,,,,,,2014-01-01,2014-02-28,training,0.999999999991215,8.784979859593797e-12,8.784979859593797e-12,normal_risk,high_risk,current geopolitical risk state belief; not closure probability
B_FILTERED_RISK_STATE,,,,,,,,,,,2014-02-01,2014-03-31,training,0.999999999986238,1.3761970706760888e-11,1.3761970706760888e-11,normal_risk,high_risk,current geopolitical risk state belief; not closure probability
B_FILTERED_RISK_STATE,,,,,,,,,,,2014-03-01,2014-04-30,training,0.0,1.0,1.0,normal_risk,high_risk,current geopolitical risk state belief; not closure probability
B_FILTERED_RISK_STATE,,,,,,,,,,,2014-04-01,2014-05-31,training,0.9999999997742077,2.2579217545241488e-10,2.2579217545241488e-10,normal_risk,high_risk,current geopolitical risk state belief; not closure probability
B_FILTERED_RISK_STATE,,,,,,,,,,,2014-05-01,2014-06-30,training,0.9999999999887118,1.1288110002170118e-11,1.1288110002170118e-11,normal_risk,high_risk,current geopolitical risk state belief; not closure probability
B_FILTERED_RISK_STATE,,,,,,,,,,,2014-06-01,2014-07-31,training,0.9999999999738343,2.6165829573620604e-11,2.6165829573620604e-11,normal_risk,high_risk,current geopolitical risk state belief; not closure probability
B_FILTERED_RISK_STATE,,,,,,,,,,,2014-07-01,2014-08-31,training,0.0,1.0,1.0,normal_risk,high_risk,current geopolitical risk state belief; not closure probability
B_FILTERED_RISK_STATE,,,,,,,,,,,2014-08-01,2014-09-30,training,0.9999999996368304,3.6316956476268646e-10,3.6316956476268646e-10,normal_risk,high_risk,current geopolitical risk state belief; not closure probability
B_FILTERED_RISK_STATE,,,,,,,,,,,2014-09-01,2014-10-31,training,0.9999999999517378,4.8262184364851504e-11,4.8262184364851504e-11,normal_risk,high_risk,current geopolitical risk state belief; not closure probability
B_FILTERED_RISK_STATE,,,,,,,,,,,2014-10-01,2014-11-30,training,0.0,1.0,1.0,normal_risk,high_risk,current geopolitical risk state belief; not closure probability
B_FILTERED_RISK_STATE,,,,,,,,,,,2014-11-01,2014-12-31,training,0.9999999999757252,2.4274786839272482e-11,2.4274786839272482e-11,normal_risk,high_risk,current geopolitical risk state belief; not closure probability
B_FILTERED_RISK_STATE,,,,,,,,,,,2014-12-01,2015-01-31,training,0.9999999999891781,1.0821894215332425e-11,1.0821894215332425e-11,normal_risk,high_risk,current geopolitical risk state belief; not closure probability
B_FILTERED_RISK_STATE,,,,,,,,,,,2015-01-01,2015-02-28,training,0.0,1.0,1.0,normal_risk,high_risk,current geopolitical risk state belief; not closure probability
B_FILTERED_RISK_STATE,,,,,,,,,,,2015-02-01,2015-03-31,training,0.9999999963833733,3.616626682188779e-09,3.616626682188779e-09,normal_risk,high_risk,current geopolitical risk state belief; not closure probability
B_FILTERED_RISK_STATE,,,,,,,,,,,2015-03-01,2015-04-30,training,0.9999999999854873,1.451272668316563e-11,1.451272668316563e-11,normal_risk,high_risk,current geopolitical risk state belief; not closure probability
B_FILTERED_RISK_STATE,,,,,,,,,,,2015-04-01,2015-05-31,training,0.9999999999919332,8.066768492158992e-12,8.066768492158992e-12,normal_risk,high_risk,current geopolitical risk state belief; not closure probability
B_FILTERED_RISK_STATE,,,,,,,,,,,2015-05-01,2015-06-30,training,0.9999999999660445,3.3955444230058934e-11,3.3955444230058934e-11,normal_risk,high_risk,current geopolitical risk state belief; not closure probability
B_FILTERED_RISK_STATE,,,,,,,,,,,2015-06-01,2015-07-31,training,0.9999999999916438,8.356177047831789e-12,8.356177047831789e-12,normal_risk,high_risk,current geopolitical risk state belief; not closure probability
B_FILTERED_RISK_STATE,,,,,,,,,,,2015-07-01,2015-08-31,training,0.9999999999277299,7.227008187561783e-11,7.227008187561783e-11,normal_risk,high_risk,current geopolitical risk state belief; not closure probability
B_FILTERED_RISK_STATE,,,,,,,,,,,2015-08-01,2015-09-30,training,0.9999999999739727,2.602728448519258e-11,2.602728448519258e-11,normal_risk,high_risk,current geopolitical risk state belief; not closure probability
B_FILTERED_RISK_STATE,,,,,,,,,,,2015-09-01,2015-10-31,training,0.9999999999710204,2.897961848496384e-11,2.897961848496384e-11,normal_risk,high_risk,current geopolitical risk state belief; not closure probability
B_FILTERED_RISK_STATE,,,,,,,,,,,2015-10-01,2015-11-30,training,0.9999999998842807,1.1571926833249223e-10,1.1571926833249223e-10,normal_risk,high_risk,current geopolitical risk state belief; not closure probability
B_FILTERED_RISK_STATE,,,,,,,,,,,2015-11-01,2015-12-31,training,0.0,1.0,1.0,normal_risk,high_risk,current geopolitical risk state belief; not closure probability
B_FILTERED_RISK_STATE,,,,,,,,,,,2015-12-01,2016-01-31,training,0.9999999933253367,6.674663241134246e-09,6.674663241134246e-09,normal_risk,high_risk,current geopolitical risk state belief; not closure probability
B_FILTERED_RISK_STATE,,,,,,,,,,,2016-01-01,2016-02-29,training,0.0,1.0,1.0,normal_risk,high_risk,current geopolitical risk state belief; not closure probability
B_FILTERED_RISK_STATE,,,,,,,,,,,2016-02-01,2016-03-31,training,0.9999999998564282,1.4357185985241344e-10,1.4357185985241344e-10,normal_risk,high_risk,current geopolitical risk state belief; not closure probability
B_FILTERED_RISK_STATE,,,,,,,,,,,2016-03-01,2016-04-30,training,0.9999999999868541,1.3145920488574894e-11,1.3145920488574894e-11,normal_risk,high_risk,current geopolitical risk state belief; not closure probability
B_FILTERED_RISK_STATE,,,,,,,,,,,2016-04-01,2016-05-31,training,0.9999999999662013,3.379869537951403e-11,3.379869537951403e-11,normal_risk,high_risk,current geopolitical risk state belief; not closure probability
B_FILTERED_RISK_STATE,,,,,,,,,,,2016-05-01,2016-06-30,training,0.9999999999946716,5.32845603156211e-12,5.32845603156211e-12,normal_risk,high_risk,current geopolitical risk state belief; not closure probability
B_FILTERED_RISK_STATE,,,,,,,,,,,2016-06-01,2016-07-31,training,0.9999999999936616,6.33837362733091e-12,6.33837362733091e-12,normal_risk,high_risk,current geopolitical risk state belief; not closure probability
B_FILTERED_RISK_STATE,,,,,,,,,,,2016-07-01,2016-08-31,training,0.9999999994329402,5.670598254466051e-10,5.670598254466051e-10,normal_risk,high_risk,current geopolitical risk state belief; not closure probability
B_FILTERED_RISK_STATE,,,,,,,,,,,2016-08-01,2016-09-30,training,0.9999999999806145,1.938550364669171e-11,1.938550364669171e-11,normal_risk,high_risk,current geopolitical risk state belief; not closure probability
B_FILTERED_RISK_STATE,,,,,,,,,,,2016-09-01,2016-10-31,training,0.9999999999899427,1.0057267842533309e-11,1.0057267842533309e-11,normal_risk,high_risk,current geopolitical risk state belief; not closure probability
B_FILTERED_RISK_STATE,,,,,,,,,,,2016-10-01,2016-11-30,training,0.9999999999885644,1.143566569755033e-11,1.143566569755033e-11,normal_risk,high_risk,current geopolitical risk state belief; not closure probability
B_FILTERED_RISK_STATE,,,,,,,,,,,2016-11-01,2016-12-31,training,0.9999999999934267,6.573319690463615e-12,6.573319690463615e-12,normal_risk,high_risk,current geopolitical risk state belief; not closure probability
B_FILTERED_RISK_STATE,,,,,,,,,,,2016-12-01,2017-01-31,training,0.9999999999657944,3.4205635723854204e-11,3.4205635723854204e-11,normal_risk,high_risk,current geopolitical risk state belief; not closure probability
B_FILTERED_RISK_STATE,,,,,,,,,,,2017-01-01,2017-02-28,training,0.9999999999907053,9.294623875481474e-12,9.294623875481474e-12,normal_risk,high_risk,current geopolitical risk state belief; not closure probability
B_FILTERED_RISK_STATE,,,,,,,,,,,2017-02-01,2017-03-31,training,0.9999999999853587,1.464128994930794e-11,1.464128994930794e-11,normal_risk,high_risk,current geopolitical risk state belief; not closure probability
B_FILTERED_RISK_STATE,,,,,,,,,,,2017-03-01,2017-04-30,training,0.99999999998747,1.2529951960349361e-11,1.2529951960349361e-11,normal_risk,high_risk,current geopolitical risk state belief; not closure probability
B_FILTERED_RISK_STATE,,,,,,,,,,,2017-04-01,2017-05-31,training,0.9999999999384239,6.157603628223021e-11,6.157603628223021e-11,normal_risk,high_risk,current geopolitical risk state belief; not closure probability
B_FILTERED_RISK_STATE,,,,,,,,,,,2017-05-01,2017-06-30,training,0.9999999999891804,1.0819578541353737e-11,1.0819578541353737e-11,normal_risk,high_risk,current geopolitical risk state belief; not closure probability
B_FILTERED_RISK_STATE,,,,,,,,,,,2017-06-01,2017-07-31,training,0.9999999991429498,8.570502186373076e-10,8.570502186373076e-10,normal_risk,high_risk,current geopolitical risk state belief; not closure probability
B_FILTERED_RISK_STATE,,,,,,,,,,,2017-07-01,2017-08-31,training,0.9999999748202338,2.5179766094509285e-08,2.5179766094509285e-08,normal_risk,high_risk,current geopolitical risk state belief; not closure probability
B_FILTERED_RISK_STATE,,,,,,,,,,,2017-08-01,2017-09-30,training,0.999999996792103,3.2078969302215453e-09,3.2078969302215453e-09,normal_risk,high_risk,current geopolitical risk state belief; not closure probability
B_FILTERED_RISK_STATE,,,,,,,,,,,2017-09-01,2017-10-31,training,0.9999999999463464,5.365355060719311e-11,5.365355060719311e-11,normal_risk,high_risk,current geopolitical risk state belief; not closure probability
B_FILTERED_RISK_STATE,,,,,,,,,,,2017-10-01,2017-11-30,training,0.9999999999746093,2.539077854587894e-11,2.539077854587894e-11,normal_risk,high_risk,current geopolitical risk state belief; not closure probability
B_FILTERED_RISK_STATE,,,,,,,,,,,2017-11-01,2017-12-31,training,0.999999999993977,6.023036292385395e-12,6.023036292385395e-12,normal_risk,high_risk,current geopolitical risk state belief; not closure probability
B_FILTERED_RISK_STATE,,,,,,,,,,,2017-12-01,2018-01-31,training,0.9999999999922238,7.776254763052454e-12,7.776254763052454e-12,normal_risk,high_risk,current geopolitical risk state belief; not closure probability
B_FILTERED_RISK_STATE,,,,,,,,,,,2018-01-01,2018-02-28,training,0.9999999999912319,8.768099268689261e-12,8.768099268689261e-12,normal_risk,high_risk,current geopolitical risk state belief; not closure probability
B_FILTERED_RISK_STATE,,,,,,,,,,,2018-02-01,2018-03-31,training,0.9999999999501934,4.9806601879420845e-11,4.9806601879420845e-11,normal_risk,high_risk,current geopolitical risk state belief; not closure probability
B_FILTERED_RISK_STATE,,,,,,,,,,,2018-03-01,2018-04-30,training,0.0,1.0,1.0,normal_risk,high_risk,current geopolitical risk state belief; not closure probability
B_FILTERED_RISK_STATE,,,,,,,,,,,2018-04-01,2018-05-31,training,0.9999999995215925,4.784075129278982e-10,4.784075129278982e-10,normal_risk,high_risk,current geopolitical risk state belief; not closure probability
B_FILTERED_RISK_STATE,,,,,,,,,,,2018-05-01,2018-06-30,training,0.9999999982315524,1.7684475722688664e-09,1.7684475722688664e-09,normal_risk,high_risk,current geopolitical risk state belief; not closure probability
B_FILTERED_RISK_STATE,,,,,,,,,,,2018-06-01,2018-07-31,training,0.9999999999203475,7.96524963509432e-11,7.96524963509432e-11,normal_risk,high_risk,current geopolitical risk state belief; not closure probability
B_FILTERED_RISK_STATE,,,,,,,,,,,2018-07-01,2018-08-31,training,0.9999999999641314,3.58685925134775e-11,3.58685925134775e-11,normal_risk,high_risk,current geopolitical risk state belief; not closure probability
B_FILTERED_RISK_STATE,,,,,,,,,,,2018-08-01,2018-09-30,training,0.9999999999513703,4.862967706997094e-11,4.862967706997094e-11,normal_risk,high_risk,current geopolitical risk state belief; not closure probability
B_FILTERED_RISK_STATE,,,,,,,,,,,2018-09-01,2018-10-31,training,0.0,1.0,1.0,normal_risk,high_risk,current geopolitical risk state belief; not closure probability
B_FILTERED_RISK_STATE,,,,,,,,,,,2018-10-01,2018-11-30,training,0.9999999998724646,1.2753536788191735e-10,1.2753536788191735e-10,normal_risk,high_risk,current geopolitical risk state belief; not closure probability
B_FILTERED_RISK_STATE,,,,,,,,,,,2018-11-01,2018-12-31,training,0.999999999988441,1.1559057960435792e-11,1.1559057960435792e-11,normal_risk,high_risk,current geopolitical risk state belief; not closure probability
B_FILTERED_RISK_STATE,,,,,,,,,,,2018-12-01,2019-01-31,training,0.9999999999889624,1.1037665037181664e-11,1.1037665037181664e-11,normal_risk,high_risk,current geopolitical risk state belief; not closure probability
B_FILTERED_RISK_STATE,,,,,,,,,,,2019-01-01,2019-02-28,training,0.9999999999898815,1.0118452902236255e-11,1.0118452902236255e-11,normal_risk,high_risk,current geopolitical risk state belief; not closure probability
B_FILTERED_RISK_STATE,,,,,,,,,,,2019-02-01,2019-03-31,training,0.999999999981508,1.849195830728328e-11,1.849195830728328e-11,normal_risk,high_risk,current geopolitical risk state belief; not closure probability
B_FILTERED_RISK_STATE,,,,,,,,,,,2019-03-01,2019-04-30,training,0.9999999999700449,2.9955097050881107e-11,2.9955097050881107e-11,normal_risk,high_risk,current geopolitical risk state belief; not closure probability
B_FILTERED_RISK_STATE,,,,,,,,,,,2019-04-01,2019-05-31,training,0.9999999999929877,7.012328959430348e-12,7.012328959430348e-12,normal_risk,high_risk,current geopolitical risk state belief; not closure probability
B_FILTERED_RISK_STATE,,,,,,,,,,,2019-05-01,2019-06-30,training,0.9999999998471233,1.5287661518192575e-10,1.5287661518192575e-10,normal_risk,high_risk,current geopolitical risk state belief; not closure probability
B_FILTERED_RISK_STATE,,,,,,,,,,,2019-06-01,2019-07-31,training,0.9999999999635061,3.649393779772515e-11,3.649393779772515e-11,normal_risk,high_risk,current geopolitical risk state belief; not closure probability
B_FILTERED_RISK_STATE,,,,,,,,,,,2019-07-01,2019-08-31,training,0.9999999999792638,2.0736228353101194e-11,2.0736228353101194e-11,normal_risk,high_risk,current geopolitical risk state belief; not closure probability
B_FILTERED_RISK_STATE,,,,,,,,,,,2019-08-01,2019-09-30,training,0.9999999999778709,2.212911054112552e-11,2.212911054112552e-11,normal_risk,high_risk,current geopolitical risk state belief; not closure probability
B_FILTERED_RISK_STATE,,,,,,,,,,,2019-09-01,2019-10-31,training,0.9999999999922323,7.76771706446405e-12,7.76771706446405e-12,normal_risk,high_risk,current geopolitical risk state belief; not closure probability
B_FILTERED_RISK_STATE,,,,,,,,,,,2019-10-01,2019-11-30,training,0.9999999999896685,1.0331562799247054e-11,1.0331562799247054e-11,normal_risk,high_risk,current geopolitical risk state belief; not closure probability
B_FILTERED_RISK_STATE,,,,,,,,,,,2019-11-01,2019-12-31,training,0.9999999999542928,4.570723514173187e-11,4.570723514173187e-11,normal_risk,high_risk,current geopolitical risk state belief; not closure probability
B_FILTERED_RISK_STATE,,,,,,,,,,,2019-12-01,2020-01-31,training,0.9999999999925069,7.493031328236902e-12,7.493031328236902e-12,normal_risk,high_risk,current geopolitical risk state belief; not closure probability
B_FILTERED_RISK_STATE,,,,,,,,,,,2020-01-01,2020-02-29,training,0.0,1.0,1.0,normal_risk,high_risk,current geopolitical risk state belief; not closure probability
B_FILTERED_RISK_STATE,,,,,,,,,,,2020-02-01,2020-03-31,training,0.0,1.0,1.0,normal_risk,high_risk,current geopolitical risk state belief; not closure probability
B_FILTERED_RISK_STATE,,,,,,,,,,,2020-03-01,2020-04-30,training,0.9999999999557394,4.4260575968167195e-11,4.4260575968167195e-11,normal_risk,high_risk,current geopolitical risk state belief; not closure probability
B_FILTERED_RISK_STATE,,,,,,,,,,,2020-04-01,2020-05-31,training,0.9999999999831706,1.682938204459478e-11,1.682938204459478e-11,normal_risk,high_risk,current geopolitical risk state belief; not closure probability
B_FILTERED_RISK_STATE,,,,,,,,,,,2020-05-01,2020-06-30,training,0.9999999999878459,1.2154111027069668e-11,1.2154111027069668e-11,normal_risk,high_risk,current geopolitical risk state belief; not closure probability
B_FILTERED_RISK_STATE,,,,,,,,,,,2020-06-01,2020-07-31,training,0.999999999989344,1.065603008749833e-11,1.065603008749833e-11,normal_risk,high_risk,current geopolitical risk state belief; not closure probability
B_FILTERED_RISK_STATE,,,,,,,,,,,2020-07-01,2020-08-31,training,0.9999999999826399,1.7360039330876677e-11,1.7360039330876677e-11,normal_risk,high_risk,current geopolitical risk state belief; not closure probability
B_FILTERED_RISK_STATE,,,,,,,,,,,2020-08-01,2020-09-30,training,0.9999999999802706,1.9729471336037737e-11,1.9729471336037737e-11,normal_risk,high_risk,current geopolitical risk state belief; not closure probability
B_FILTERED_RISK_STATE,,,,,,,,,,,2020-09-01,2020-10-31,training,0.9999999999756781,2.4321851806758226e-11,2.4321851806758226e-11,normal_risk,high_risk,current geopolitical risk state belief; not closure probability
B_FILTERED_RISK_STATE,,,,,,,,,,,2020-10-01,2020-11-30,training,0.9999999999887562,1.1243769760553903e-11,1.1243769760553903e-11,normal_risk,high_risk,current geopolitical risk state belief; not closure probability
B_FILTERED_RISK_STATE,,,,,,,,,,,2020-11-01,2020-12-31,training,0.999999999980139,1.9861087436012023e-11,1.9861087436012023e-11,normal_risk,high_risk,current geopolitical risk state belief; not closure probability
B_FILTERED_RISK_STATE,,,,,,,,,,,2020-12-01,2021-01-31,training,0.0,1.0,1.0,normal_risk,high_risk,current geopolitical risk state belief; not closure probability
B_FILTERED_RISK_STATE,,,,,,,,,,,2021-01-01,2021-02-28,training,0.9999999999104754,8.952452368742687e-11,8.952452368742687e-11,normal_risk,high_risk,current geopolitical risk state belief; not closure probability
B_FILTERED_RISK_STATE,,,,,,,,,,,2021-02-01,2021-03-31,training,0.9999999999904846,9.515390362527152e-12,9.515390362527152e-12,normal_risk,high_risk,current geopolitical risk state belief; not closure probability
B_FILTERED_RISK_STATE,,,,,,,,,,,2021-03-01,2021-04-30,training,0.9999999999898946,1.0105385229621568e-11,1.0105385229621568e-11,normal_risk,high_risk,current geopolitical risk state belief; not closure probability
B_FILTERED_RISK_STATE,,,,,,,,,,,2021-04-01,2021-05-31,training,0.9999999999850986,1.4901391966441878e-11,1.4901391966441878e-11,normal_risk,high_risk,current geopolitical risk state belief; not closure probability
B_FILTERED_RISK_STATE,,,,,,,,,,,2021-05-01,2021-06-30,training,0.9999999999798869,2.0113114024356227e-11,2.0113114024356227e-11,normal_risk,high_risk,current geopolitical risk state belief; not closure probability
B_FILTERED_RISK_STATE,,,,,,,,,,,2021-06-01,2021-07-31,training,0.9999999999773137,2.2686279578357452e-11,2.2686279578357452e-11,normal_risk,high_risk,current geopolitical risk state belief; not closure probability
B_FILTERED_RISK_STATE,,,,,,,,,,,2021-07-01,2021-08-31,training,0.9999999999679595,3.2040533866884556e-11,3.2040533866884556e-11,normal_risk,high_risk,current geopolitical risk state belief; not closure probability
B_FILTERED_RISK_STATE,,,,,,,,,,,2021-08-01,2021-09-30,training,0.9999999998465888,1.534112179040973e-10,1.534112179040973e-10,normal_risk,high_risk,current geopolitical risk state belief; not closure probability
B_FILTERED_RISK_STATE,,,,,,,,,,,2021-09-01,2021-10-31,training,0.9999999999927505,7.249534192395374e-12,7.249534192395374e-12,normal_risk,high_risk,current geopolitical risk state belief; not closure probability
B_FILTERED_RISK_STATE,,,,,,,,,,,2021-10-01,2021-11-30,training,0.9999999999928926,7.107492568396434e-12,7.107492568396434e-12,normal_risk,high_risk,current geopolitical risk state belief; not closure probability
B_FILTERED_RISK_STATE,,,,,,,,,,,2021-11-01,2021-12-31,training,0.9999999999006489,9.935115315546333e-11,9.935115315546333e-11,normal_risk,high_risk,current geopolitical risk state belief; not closure probability
B_FILTERED_RISK_STATE,,,,,,,,,,,2021-12-01,2022-01-31,training,0.9999999995037169,4.962831077781417e-10,4.962831077781417e-10,normal_risk,high_risk,current geopolitical risk state belief; not closure probability
B_FILTERED_RISK_STATE,,,,,,,,,,,2022-01-01,2022-02-28,training,0.9999999181783017,8.182169832792438e-08,8.182169832792438e-08,normal_risk,high_risk,current geopolitical risk state belief; not closure probability
B_FILTERED_RISK_STATE,,,,,,,,,,,2022-02-01,2022-03-31,training,0.0,1.0,1.0,normal_risk,high_risk,current geopolitical risk state belief; not closure probability
B_FILTERED_RISK_STATE,,,,,,,,,,,2022-03-01,2022-04-30,training,0.0,1.0,1.0,normal_risk,high_risk,current geopolitical risk state belief; not closure probability
B_FILTERED_RISK_STATE,,,,,,,,,,,2022-04-01,2022-05-31,training,0.0,1.0,1.0,normal_risk,high_risk,current geopolitical risk state belief; not closure probability
B_FILTERED_RISK_STATE,,,,,,,,,,,2022-05-01,2022-06-30,training,0.9999984562520366,1.543747963284622e-06,1.543747963284622e-06,normal_risk,high_risk,current geopolitical risk state belief; not closure probability
B_FILTERED_RISK_STATE,,,,,,,,,,,2022-06-01,2022-07-31,training,0.9999999995845866,4.1541334285289905e-10,4.1541334285289905e-10,normal_risk,high_risk,current geopolitical risk state belief; not closure probability
B_FILTERED_RISK_STATE,,,,,,,,,,,2022-07-01,2022-08-31,training,0.9999999999185787,8.142123738282469e-11,8.142123738282469e-11,normal_risk,high_risk,current geopolitical risk state belief; not closure probability
B_FILTERED_RISK_STATE,,,,,,,,,,,2022-08-01,2022-09-30,training,0.9999999996423562,3.576437354327119e-10,3.576437354327119e-10,normal_risk,high_risk,current geopolitical risk state belief; not closure probability
B_FILTERED_RISK_STATE,,,,,,,,,,,2022-09-01,2022-10-31,training,0.9999999995576019,4.4239812234498403e-10,4.4239812234498403e-10,normal_risk,high_risk,current geopolitical risk state belief; not closure probability
B_FILTERED_RISK_STATE,,,,,,,,,,,2022-10-01,2022-11-30,training,0.9999999975757614,2.4242385748184333e-09,2.4242385748184333e-09,normal_risk,high_risk,current geopolitical risk state belief; not closure probability
B_FILTERED_RISK_STATE,,,,,,,,,,,2022-11-01,2022-12-31,training,0.9999999995590353,4.4096466115053836e-10,4.4096466115053836e-10,normal_risk,high_risk,current geopolitical risk state belief; not closure probability
B_FILTERED_RISK_STATE,,,,,,,,,,,2022-12-01,2023-01-31,training,0.999999999956407,4.359300203114791e-11,4.359300203114791e-11,normal_risk,high_risk,current geopolitical risk state belief; not closure probability
B_FILTERED_RISK_STATE,,,,,,,,,,,2023-01-01,2023-02-28,training,0.9999999999826774,1.7322686783233538e-11,1.7322686783233538e-11,normal_risk,high_risk,current geopolitical risk state belief; not closure probability
B_FILTERED_RISK_STATE,,,,,,,,,,,2023-02-01,2023-03-31,training,0.9999999996322758,3.6772412949357794e-10,3.6772412949357794e-10,normal_risk,high_risk,current geopolitical risk state belief; not closure probability
B_FILTERED_RISK_STATE,,,,,,,,,,,2023-03-01,2023-04-30,training,0.9999999999577401,4.225985473675992e-11,4.225985473675992e-11,normal_risk,high_risk,current geopolitical risk state belief; not closure probability
B_FILTERED_RISK_STATE,,,,,,,,,,,2023-04-01,2023-05-31,training,0.9999999999827119,1.7288161602198524e-11,1.7288161602198524e-11,normal_risk,high_risk,current geopolitical risk state belief; not closure probability
B_FILTERED_RISK_STATE,,,,,,,,,,,2023-05-01,2023-06-30,training,0.9999999999817282,1.827180799914823e-11,1.827180799914823e-11,normal_risk,high_risk,current geopolitical risk state belief; not closure probability
B_FILTERED_RISK_STATE,,,,,,,,,,,2023-06-01,2023-07-31,training,0.9999999999742859,2.5714023296113114e-11,2.5714023296113114e-11,normal_risk,high_risk,current geopolitical risk state belief; not closure probability
B_FILTERED_RISK_STATE,,,,,,,,,,,2023-07-01,2023-08-31,training,0.9999999999819938,1.8006245595462386e-11,1.8006245595462386e-11,normal_risk,high_risk,current geopolitical risk state belief; not closure probability
B_FILTERED_RISK_STATE,,,,,,,,,,,2023-08-01,2023-09-30,training,0.9999999999849364,1.506365936478254e-11,1.506365936478254e-11,normal_risk,high_risk,current geopolitical risk state belief; not closure probability
B_FILTERED_RISK_STATE,,,,,,,,,,,2023-09-01,2023-10-31,training,0.9999999999706778,2.9322146256630846e-11,2.9322146256630846e-11,normal_risk,high_risk,current geopolitical risk state belief; not closure probability
B_FILTERED_RISK_STATE,,,,,,,,,,,2023-10-01,2023-11-30,training,0.0,1.0,1.0,normal_risk,high_risk,current geopolitical risk state belief; not closure probability
B_FILTERED_RISK_STATE,,,,,,,,,,,2023-11-01,2023-12-31,training,0.9999951891265484,4.810873451622109e-06,4.810873451622109e-06,normal_risk,high_risk,current geopolitical risk state belief; not closure probability
B_FILTERED_RISK_STATE,,,,,,,,,,,2023-12-01,2024-01-31,training,0.9999999991149228,8.850772610865536e-10,8.850772610865536e-10,normal_risk,high_risk,current geopolitical risk state belief; not closure probability
B_FILTERED_RISK_STATE,,,,,,,,,,,2024-01-01,2024-02-29,training,0.9999999203826806,7.96173193536393e-08,7.96173193536393e-08,normal_risk,high_risk,current geopolitical risk state belief; not closure probability
B_FILTERED_RISK_STATE,,,,,,,,,,,2024-02-01,2024-03-31,training,0.99999999684545,3.1545499407435946e-09,3.1545499407435946e-09,normal_risk,high_risk,current geopolitical risk state belief; not closure probability
B_FILTERED_RISK_STATE,,,,,,,,,,,2024-03-01,2024-04-30,training,0.9999999998627916,1.3720838534369486e-10,1.3720838534369486e-10,normal_risk,high_risk,current geopolitical risk state belief; not closure probability
B_FILTERED_RISK_STATE,,,,,,,,,,,2024-04-01,2024-05-31,training,0.9999999316953035,6.830469648799601e-08,6.830469648799601e-08,normal_risk,high_risk,current geopolitical risk state belief; not closure probability
B_FILTERED_RISK_STATE,,,,,,,,,,,2024-05-01,2024-06-30,training,0.999999999350826,6.491740970712967e-10,6.491740970712967e-10,normal_risk,high_risk,current geopolitical risk state belief; not closure probability
B_FILTERED_RISK_STATE,,,,,,,,,,,2024-06-01,2024-07-31,training,0.9999999999765712,2.3428865754503113e-11,2.3428865754503113e-11,normal_risk,high_risk,current geopolitical risk state belief; not closure probability
B_FILTERED_RISK_STATE,,,,,,,,,,,2024-07-01,2024-08-31,training,0.9999999999815335,1.846650047538281e-11,1.846650047538281e-11,normal_risk,high_risk,current geopolitical risk state belief; not closure probability
B_FILTERED_RISK_STATE,,,,,,,,,,,2024-08-01,2024-09-30,training,0.9999994401187593,5.59881240697649e-07,5.59881240697649e-07,normal_risk,high_risk,current geopolitical risk state belief; not closure probability
B_FILTERED_RISK_STATE,,,,,,,,,,,2024-09-01,2024-10-31,training,0.9999999998747467,1.252532960432865e-10,1.252532960432865e-10,normal_risk,high_risk,current geopolitical risk state belief; not closure probability
B_FILTERED_RISK_STATE,,,,,,,,,,,2024-10-01,2024-11-30,training,0.9999999999587548,4.124520102474715e-11,4.124520102474715e-11,normal_risk,high_risk,current geopolitical risk state belief; not closure probability
B_FILTERED_RISK_STATE,,,,,,,,,,,2024-11-01,2024-12-31,training,0.9999999999463144,5.36856832122588e-11,5.36856832122588e-11,normal_risk,high_risk,current geopolitical risk state belief; not closure probability
B_FILTERED_RISK_STATE,,,,,,,,,,,2024-12-01,2025-01-31,training,0.9999999989465819,1.0534180590983966e-09,1.0534180590983966e-09,normal_risk,high_risk,current geopolitical risk state belief; not closure probability
B_FILTERED_RISK_STATE,,,,,,,,,,,2025-01-01,2025-02-28,held_out,0.9999999993778261,6.221738102957196e-10,6.221738102957196e-10,normal_risk,high_risk,current geopolitical risk state belief; not closure probability
B_FILTERED_RISK_STATE,,,,,,,,,,,2025-02-01,2025-03-31,held_out,0.9999999994836853,5.163146006397362e-10,5.163146006397362e-10,normal_risk,high_risk,current geopolitical risk state belief; not closure probability
B_FILTERED_RISK_STATE,,,,,,,,,,,2025-03-01,2025-04-30,held_out,0.9999976386965014,2.361303498588908e-06,2.361303498588908e-06,normal_risk,high_risk,current geopolitical risk state belief; not closure probability
B_FILTERED_RISK_STATE,,,,,,,,,,,2025-04-01,2025-05-31,held_out,0.9999999982185606,1.781439437872713e-09,1.781439437872713e-09,normal_risk,high_risk,current geopolitical risk state belief; not closure probability
B_FILTERED_RISK_STATE,,,,,,,,,,,2025-05-01,2025-06-30,held_out,0.9999990841692988,9.158307011616286e-07,9.158307011616286e-07,normal_risk,high_risk,current geopolitical risk state belief; not closure probability
B_FILTERED_RISK_STATE,,,,,,,,,,,2025-06-01,2025-07-31,held_out,0.0,1.0,1.0,normal_risk,high_risk,current geopolitical risk state belief; not closure probability
B_FILTERED_RISK_STATE,,,,,,,,,,,2025-07-01,2025-08-31,held_out,0.0,1.0,1.0,normal_risk,high_risk,current geopolitical risk state belief; not closure probability
B_FILTERED_RISK_STATE,,,,,,,,,,,2025-08-01,2025-09-30,held_out,0.999999999123241,8.767589943775014e-10,8.767589943775014e-10,normal_risk,high_risk,current geopolitical risk state belief; not closure probability
B_FILTERED_RISK_STATE,,,,,,,,,,,2025-09-01,2025-10-31,held_out,0.9999999999357067,6.429334072335801e-11,6.429334072335801e-11,normal_risk,high_risk,current geopolitical risk state belief; not closure probability
B_FILTERED_RISK_STATE,,,,,,,,,,,2025-10-01,2025-11-30,held_out,0.9999999835175546,1.648244534532188e-08,1.648244534532188e-08,normal_risk,high_risk,current geopolitical risk state belief; not closure probability
B_FILTERED_RISK_STATE,,,,,,,,,,,2025-11-01,2025-12-31,held_out,0.9999999641815381,3.5818461899744815e-08,3.5818461899744815e-08,normal_risk,high_risk,current geopolitical risk state belief; not closure probability
B_FILTERED_RISK_STATE,,,,,,,,,,,2025-12-01,2026-01-31,held_out,0.9999999987906985,1.209301497517335e-09,1.209301497517335e-09,normal_risk,high_risk,current geopolitical risk state belief; not closure probability
B_FILTERED_RISK_STATE,,,,,,,,,,,2026-01-01,2026-02-28,held_out,0.9998014670949225,0.00019853290507761424,0.00019853290507761424,normal_risk,high_risk,current geopolitical risk state belief; not closure probability
B_FILTERED_RISK_STATE,,,,,,,,,,,2026-02-01,2026-03-31,held_out,0.9999999846011601,1.539883987174859e-08,1.539883987174859e-08,normal_risk,high_risk,current geopolitical risk state belief; not closure probability
B_FILTERED_RISK_STATE,,,,,,,,,,,2026-03-01,2026-04-30,held_out,0.0,1.0,1.0,normal_risk,high_risk,current geopolitical risk state belief; not closure probability
B_FILTERED_RISK_STATE,,,,,,,,,,,2026-04-01,2026-05-31,held_out,5.3835595806230604e-20,1.0,1.0,normal_risk,high_risk,current geopolitical risk state belief; not closure probability
B_FILTERED_RISK_STATE,,,,,,,,,,,2026-05-01,2026-06-30,held_out,0.00011275519989265251,0.9998872448001074,0.9998872448001074,normal_risk,high_risk,current geopolitical risk state belief; not closure probability
B_FILTERED_RISK_STATE,,,,,,,,,,,2026-06-01,2026-07-31,held_out,0.9998997790266331,0.00010022097336697442,0.00010022097336697442,normal_risk,high_risk,current geopolitical risk state belief; not closure probability
